,name,gpu_name,gpu_variant,architecture,foundry,process_size,transistors,density,die_size,release_date,generation,predecessor,successor,production,bus_interface,base_clock,boost_clock,memory_clock,memory_size,memory_type,memory_bus,bandwidth,shading_units,tmus,rops,compute_units,l1_cache,l2_cache,pixel_rate,texture_rate,fp16_(half),fp32_(float),fp64_(double),slot_width,tdp,outputs,power_connectors,directx,opengl,opencl,vulkan,shader_model,chip_package,gpu_clock,launch_price,reviews,length,suggested_psu,board_number,height,width,announced,game_clock,part_number,current_price,availability,rt_cores,l0_cache,l3_cache,soc_clock,peak_clock,bios_number,sm_count,cuda,smx_count,shader_clock,smm_count,tensor_cores
AMD Radeon 530 Mobile,AMD+Radeon+530+Mobile,Weston,Weston PRO,GCN 3.0,TSMC,28 nm,"1,550 million",12.4M / mm²,125 mm²,"Apr 18th, 2017",Polaris Mobile,Gem System,Navi Mobile,End-of-life,PCIe 3.0 x8,730 MHz,1021 MHz,900 MHz,2 GB,DDR3,64 bit,14.40 GB/s,384,24,8,6,16 KB (per CU),128 KB,8.168 GPixel/s,24.50 GTexel/s,784.1 GFLOPS,784.1 GFLOPS,49.01 GFLOPS,IGP,50 W,Portable Device Dependent,None,12,4.6,2.1,1.2.170,6.5,,,,,,,,,,,,,,,,,,,,,,,,,,
AMD Radeon 540 Mobile,AMD+Radeon+540+Mobile,Lexa,Lexa PRO,GCN 4.0,GlobalFoundries,14 nm,"2,200 million",21.4M / mm²,103 mm²,"Mar 26th, 2019",Polaris Mobile,Gem System,Navi Mobile,End-of-life,PCIe 3.0 x8,,,1300 MHz,2 GB,GDDR5,64 bit,41.60 GB/s,512,32,16,8,16 KB (per CU),256 KB,16.74 GPixel/s,33.47 GTexel/s,"1,071.1 GFLOPS","1,071.1 GFLOPS",66.94 GFLOPS,Dual-slot,50 W,Portable Device Dependent,None,12,4.6,2.1,1.3,6.7,FCBGA-769,1046 MHz,,,,,,,,,,,,,,,,,,,,,,,,
AMD Radeon HD 6850,AMD+Radeon+HD+6850,Barts,Barts PRO,TeraScale 2,TSMC,40 nm,"1,700 million",6.7M / mm²,255 mm²,"Oct 21st, 2010",Northern Islands,Evergreen,Southern Islands,End-of-life,PCIe 2.0 x16,,,1000 MHz,1024 MB,GDDR5,256 bit,128.0 GB/s,960,48,32,12,8 KB (per CU),512 KB,24.80 GPixel/s,37.20 GTexel/s,,"1,488.0 GFLOPS",,Dual-slot,127 W,2x DVI,1x 6-pin,11.2,4.4,1.2,N/A,5.0,HFCBGA-1737,775 MHz,179 USD,105 in our database,198 mm,300 W,109-C22301-00B,,,,,,,,,,,,,,,,,,,
AMD Radeon HD 6870,AMD+Radeon+HD+6870,Barts,Barts XT,TeraScale 2,TSMC,40 nm,"1,700 million",6.7M / mm²,255 mm²,"Oct 21st, 2010",Northern Islands,Evergreen,Southern Islands,End-of-life,PCIe 2.0 x16,,,1050 MHz,1024 MB,GDDR5,256 bit,134.4 GB/s,1120,56,32,14,8 KB (per CU),512 KB,28.80 GPixel/s,50.40 GTexel/s,,2.016 TFLOPS,,Dual-slot,151 W,2x DVI,2x 6-pin,11.2,4.4,1.2,N/A,5.0,HFCBGA-1737,900 MHz,239 USD,170 in our database,247 mm,450 W,109-C22237-00,111 mm,36 mm,,,,,,,,,,,,,,,,,
AMD Radeon HD 6950,AMD+Radeon+HD+6950,Cayman,Cayman PRO,TeraScale 3,TSMC,40 nm,"2,640 million",6.8M / mm²,389 mm²,"Dec 14th, 2010",Northern Islands,Evergreen,Southern Islands,End-of-life,PCIe 2.0 x16,,,1250 MHz,2 GB,GDDR5,256 bit,160.0 GB/s,1408,88,32,22,8 KB (per CU),512 KB,25.60 GPixel/s,70.40 GTexel/s,,2.253 TFLOPS,563.2 GFLOPS,Dual-slot,200 W,2x DVI,2x 6-pin,11.2,4.4,1.2,N/A,5.0,,800 MHz,299 USD,111 in our database,286 mm,550 W,109-C21647-00,126 mm,42 mm,,,,,,,,,,,,,,,,,
AMD Radeon HD 6970,AMD+Radeon+HD+6970,Cayman,Cayman XT,TeraScale 3,TSMC,40 nm,"2,640 million",6.8M / mm²,389 mm²,"Dec 14th, 2010",Northern Islands,Evergreen,Southern Islands,End-of-life,PCIe 2.0 x16,,,1375 MHz,2 GB,GDDR5,256 bit,176.0 GB/s,1536,96,32,24,8 KB (per CU),512 KB,28.16 GPixel/s,84.48 GTexel/s,,2.703 TFLOPS,675.8 GFLOPS,Dual-slot,250 W,2x DVI,1x 6-pin + 1x 8-pin,11.2,4.4,1.2,N/A,5.0,,880 MHz,369 USD,80 in our database,286 mm,600 W,109-C20047-00,126 mm,42 mm,,,,,,,,,,,,,,,,,
AMD Radeon HD 6990,AMD+Radeon+HD+6990,Antilles,Antilles XT,TeraScale 3,TSMC,40 nm,"2,640 million",6.8M / mm²,389 mm²,"Mar 8th, 2011",Northern Islands,Evergreen,Southern Islands,End-of-life,PCIe 2.0 x16,,,1250 MHz,2 GB,GDDR5,256 bit,160.0 GB/s,1536,96,32,24,8 KB (per CU),512 KB,26.56 GPixel/s,79.68 GTexel/s,,2.550 TFLOPS,637.4 GFLOPS,Dual-slot,375 W,1x DVI,2x 8-pin,11.2,4.4,1.2,N/A,5.0,,830 MHz,699 USD,47 in our database,310 mm,750 W,109-C20647-00,115 mm,40 mm,,,,,,,,,,,,,,,,,
AMD Radeon HD 7750,AMD+Radeon+HD+7750,Cape Verde,Cape Verde PRO,GCN 1.0,TSMC,28 nm,"1,500 million",12.2M / mm²,123 mm²,"Feb 15th, 2012",Southern Islands,Northern Islands,Sea Islands,End-of-life,PCIe 3.0 x16,,,1125 MHz,1024 MB,GDDR5,128 bit,72.00 GB/s,512,32,16,8,16 KB (per CU),256 KB,12.80 GPixel/s,25.60 GTexel/s,,819.2 GFLOPS,51.20 GFLOPS,Single-slot,55 W,1x DVI,None,12,4.6,2.1 (1.2),1.2.170,6.5 (5.1),FCBGA-962,800 MHz,109 USD,61 in our database,168 mm,250 W,"C441,",,,,,,,,,,,,,,,,,,,
AMD Radeon HD 7750M,AMD+Radeon+HD+7750M,Chelsea,Chelsea PRO,GCN 1.0,TSMC,28 nm,"1,500 million",12.2M / mm²,123 mm²,"Apr 24th, 2012",London,Vancouver,Solar System,End-of-life,PCIe 2.0 x16,,,1000 MHz,1024 MB,GDDR5,128 bit,64.00 GB/s,512,32,16,8,16 KB (per CU),256 KB,9.200 GPixel/s,18.40 GTexel/s,,588.8 GFLOPS,36.80 GFLOPS,IGP,28 W,Portable Device Dependent,,12,4.6,2.1 (1.2),1.2.170,6.5 (5.1),FCBGA-962,575 MHz,,,,,,,,,,,,,,,,,,,,,,,,
AMD Radeon HD 7790,AMD+Radeon+HD+7790,Bonaire,Bonaire XT,GCN 2.0,TSMC,28 nm,"2,080 million",13.0M / mm²,160 mm²,"Mar 22nd, 2013",Southern Islands,Northern Islands,Sea Islands,End-of-life,PCIe 3.0 x16,,,1500 MHz,1024 MB,GDDR5,128 bit,96.00 GB/s,896,56,16,14,16 KB (per CU),256 KB,16.00 GPixel/s,56.00 GTexel/s,,1.792 TFLOPS,112.0 GFLOPS,Dual-slot,85 W,1x DVI,1x 6-pin,12,4.6,2.1,1.2.170,6.5,FCBGA-1093,1000 MHz,149 USD,93 in our database,183 mm,250 W,109-C58247-00,,,,,,,,,,,,,,,,,,,
AMD Radeon HD 7850,AMD+Radeon+HD+7850,Pitcairn,Pitcairn PRO,GCN 1.0,TSMC,28 nm,"2,800 million",13.2M / mm²,212 mm²,"Mar 5th, 2012",Southern Islands,Northern Islands,Sea Islands,End-of-life,PCIe 3.0 x16,,,1200 MHz,2 GB,GDDR5,256 bit,153.6 GB/s,1024,64,32,16,16 KB (per CU),512 KB,27.52 GPixel/s,55.04 GTexel/s,,1.761 TFLOPS,110.1 GFLOPS,Dual-slot,130 W,1x DVI,1x 6-pin,12,4.6,2.1 (1.2),1.2.170,6.5 (5.1),FCBGA-1737,860 MHz,249 USD,71 in our database,210 mm,300 W,"109-C40147-00,",,,,,,,,,,,,,,,,,,,
AMD Radeon HD 7850M,AMD+Radeon+HD+7850M,Heathrow,Heathrow PRO,GCN 1.0,TSMC,28 nm,"1,500 million",12.2M / mm²,123 mm²,"Apr 24th, 2012",London,Vancouver,Solar System,End-of-life,PCIe 3.0 x16,,,1000 MHz,2 GB,GDDR5,128 bit,64.00 GB/s,640,40,16,10,16 KB (per CU),256 KB,10.80 GPixel/s,27.00 GTexel/s,,864.0 GFLOPS,54.00 GFLOPS,,40 W,Portable Device Dependent,None,12,4.6,2.1 (1.2),1.2.170,6.5 (5.1),FCBGA-962,675 MHz,,,,,C434,,,,,,,,,,,,,,,,,,,
AMD Radeon HD 7950,AMD+Radeon+HD+7950,Tahiti,Tahiti PRO,GCN 1.0,TSMC,28 nm,"4,313 million",12.3M / mm²,352 mm²,"Jan 31st, 2012",Southern Islands,Northern Islands,Sea Islands,End-of-life,PCIe 3.0 x16,,,1250 MHz,3 GB,GDDR5,384 bit,240.0 GB/s,1792,112,32,28,16 KB (per CU),768 KB,25.60 GPixel/s,89.60 GTexel/s,,2.867 TFLOPS,716.8 GFLOPS,Dual-slot,200 W,1x DVI,2x 6-pin,12,4.6,2.1 (1.2),1.2.170,6.5 (5.1),,800 MHz,449 USD,118 in our database,278 mm,550 W,109-C38637-00,111 mm,38 mm,,,,,,,,,,,,,,,,,
AMD Radeon HD 7950M,AMD+Radeon+HD+7950M,Wimbledon,Wimbledon PRO,GCN 1.0,TSMC,28 nm,"2,800 million",13.2M / mm²,212 mm²,"Apr 24th, 2012",London,Vancouver,Solar System,End-of-life,MXM-B (3.0),,,1000 MHz,2 GB,GDDR5,256 bit,128.0 GB/s,1280,80,32,20,16 KB (per CU),512 KB,22.40 GPixel/s,56.00 GTexel/s,,1.792 TFLOPS,,MXM Module,75 W,Portable Device Dependent,,12,4.6,2.1 (1.2),1.2.170,6.5 (5.1),FCBGA-1737,700 MHz,,,,,,,,,,,,,,,,,,,,,,,,
AMD Radeon HD 7970,AMD+Radeon+HD+7970,Tahiti,Tahiti XT,GCN 1.0,TSMC,28 nm,"4,313 million",12.3M / mm²,352 mm²,"Jan 9th, 2012",Southern Islands,Northern Islands,Sea Islands,End-of-life,PCIe 3.0 x16,,,1375 MHz,3 GB,GDDR5,384 bit,264.0 GB/s,2048,128,32,32,16 KB (per CU),768 KB,29.60 GPixel/s,118.4 GTexel/s,,3.789 TFLOPS,947.2 GFLOPS,Dual-slot,250 W,1x DVI,1x 6-pin + 1x 8-pin,12,4.6,2.1 (1.2),1.2.170,6.5 (5.1),,925 MHz,549 USD,191 in our database,275 mm,600 W,109-C38637-00,111 mm,38 mm,"Dec 22nd, 2011",,,,,,,,,,,,,,,,
AMD Radeon HD 7970 GHz Edition,AMD+Radeon+HD+7970+GHz+Edition,Tahiti,Tahiti XT2,GCN 1.0,TSMC,28 nm,"4,313 million",12.3M / mm²,352 mm²,"Jun 22nd, 2012",Southern Islands,Northern Islands,Sea Islands,End-of-life,PCIe 3.0 x16,1000 MHz,1050 MHz,1500 MHz,3 GB,GDDR5,384 bit,288.0 GB/s,2048,128,32,32,16 KB (per CU),768 KB,33.60 GPixel/s,134.4 GTexel/s,,4.301 TFLOPS,"1,075.2 GFLOPS",Dual-slot,300 W,1x DVI,1x 6-pin + 1x 8-pin,12,4.6,2.1 (1.2),1.2.170,6.5 (5.1),,,499 USD,191 in our database,275 mm,700 W,109-C38637-00,111 mm,38 mm,,,,,,,,,,,,,,,,,
AMD Radeon HD 7970M,AMD+Radeon+HD+7970M,Wimbledon,Wimbledon XT,GCN 1.0,TSMC,28 nm,"2,800 million",13.2M / mm²,212 mm²,"Apr 24th, 2012",London,Vancouver,Solar System,End-of-life,MXM-B (3.0),,,1200 MHz,2 GB,GDDR5,256 bit,153.6 GB/s,1280,80,32,20,16 KB (per CU),512 KB,27.20 GPixel/s,68.00 GTexel/s,,2.176 TFLOPS,136.0 GFLOPS,MXM Module,100 W,Portable Device Dependent,None,12,4.6,2.1 (1.2),1.2.170,6.5 (5.1),FCBGA-1737,850 MHz,,,,,109-C42957-00B,,,,,,,,,,,,,,,,,,,
AMD Radeon HD 7990,AMD+Radeon+HD+7990,Malta,Malta XT,GCN 1.0,TSMC,28 nm,"4,313 million",11.8M / mm²,365 mm²,"Apr 24th, 2013",Southern Islands,Northern Islands,Sea Islands,End-of-life,PCIe 3.0 x16,950 MHz,1000 MHz,1500 MHz,3 GB,GDDR5,384 bit,288.0 GB/s,2048,128,32,32,16 KB (per CU),768 KB,32.00 GPixel/s,128.0 GTexel/s,,4.096 TFLOPS,"1,024.0 GFLOPS",Dual-slot,375 W,1x DVI,2x 8-pin,12,4.6,2.1 (1.2),1.2.175,6.5 (5.1),,,999 USD,37 in our database,304 mm,750 W,109-C47637-00A_02,106 mm,38 mm,,,,,,,,,,,,,,,,,
AMD Radeon Pro WX 7100 Mobile,AMD+Radeon+Pro+WX+7100+Mobile,Ellesmere,Ellesmere XT GL,GCN 4.0,GlobalFoundries,14 nm,"5,700 million",24.6M / mm²,232 mm²,"Mar 1st, 2017",Radeon Pro Mobile,FirePro Mobile,,Active,PCIe 3.0 x16,1188 MHz,1243 MHz,1250 MHz,8 GB,GDDR5,256 bit,160.0 GB/s,2304,144,32,36,16 KB (per CU),2 MB,39.78 GPixel/s,179.0 GTexel/s,,5.728 TFLOPS,358.0 GFLOPS,MXM Module,130 W,Portable Device Dependent,None,12,4.6,2.1,1.3,6.7,BGA-1401,,,,25 mm,,,,,,,,,,,,,,,,,,,,,
AMD Radeon R5,AMD+Radeon+R5,Cedar,Cedar PRO,TeraScale 2,TSMC,40 nm,292 million,4.9M / mm²,59 mm²,"Dec 21st, 2013",Volcanic Islands,Sea Islands,Pirate Islands,End-of-life,PCIe 2.0 x16,,,533 MHz,1024 MB,DDR3,64 bit,8.528 GB/s,80,8,4,2,8 KB (per CU),128 KB,2.600 GPixel/s,5.200 GTexel/s,,104.0 GFLOPS,,Single-slot,19 W,1x DVI,None,11.2,4.4,1.2,N/A,5.0,FCBGA-631,650 MHz,,,168 mm,200 W,C026,,,,,,,,,,,,,,,,,,,
AMD Radeon R7 250,AMD+Radeon+R7+250,Cape Verde,Cape Verde PRO2,GCN 1.0,TSMC,28 nm,"1,500 million",12.2M / mm²,123 mm²,"Oct 8th, 2013",Volcanic Islands,Sea Islands,Pirate Islands,End-of-life,PCIe 3.0 x16,,,900 MHz,1024 MB,DDR3,128 bit,28.80 GB/s,512,32,16,8,16 KB (per CU),256 KB,14.80 GPixel/s,29.60 GTexel/s,,947.2 GFLOPS,59.20 GFLOPS,Single-slot,55 W,1x DVI,None,12,4.6,2.1 (1.2),1.2.170,6.5 (5.1),FCBGA-962,925 MHz,,24 in our database,168 mm,250 W,,,,,,,,,,,,,,,,,,,,
AMD Radeon R7 265,AMD+Radeon+R7+265,Pitcairn,Pitcairn PRO,GCN 1.0,TSMC,28 nm,"2,800 million",13.2M / mm²,212 mm²,"Feb 13th, 2014",Volcanic Islands,Sea Islands,Pirate Islands,End-of-life,PCIe 3.0 x16,900 MHz,925 MHz,1400 MHz,2 GB,GDDR5,256 bit,179.2 GB/s,1024,64,32,16,16 KB (per CU),512 KB,29.60 GPixel/s,59.20 GTexel/s,,1.894 TFLOPS,118.4 GFLOPS,Dual-slot,150 W,2x DVI,1x 6-pin,12,4.6,2.1 (1.2),1.2.170,6.5 (5.1),FCBGA-1737,,149 USD,12 in our database,210 mm,450 W,C630,,,,,,,,,,,,,,,,,,,
AMD Radeon R7 370,AMD+Radeon+R7+370,Trinidad,Trinidad PRO,GCN 1.0,TSMC,28 nm,"2,800 million",13.2M / mm²,212 mm²,"Jun 18th, 2015",Pirate Islands,Volcanic Islands,Arctic Islands,End-of-life,PCIe 3.0 x16,925 MHz,975 MHz,1400 MHz,2 GB,GDDR5,256 bit,179.2 GB/s,1024,64,32,16,16 KB (per CU),512 KB,31.20 GPixel/s,62.40 GTexel/s,,1.997 TFLOPS,124.8 GFLOPS,Dual-slot,110 W,2x DVI,1x 6-pin,12,4.6,2.1 (1.2),1.2.170,6.5 (5.1),FCBGA-1737,,149 USD,21 in our database,152 mm,300 W,"C631,",,,,,,,,,,,,,,,,,,,
AMD Radeon R9 270,AMD+Radeon+R9+270,Curacao,Curacao PRO,GCN 1.0,TSMC,28 nm,"2,800 million",13.2M / mm²,212 mm²,"Nov 13th, 2013",Volcanic Islands,Sea Islands,Pirate Islands,End-of-life,PCIe 3.0 x16,900 MHz,925 MHz,1400 MHz,2 GB,GDDR5,256 bit,179.2 GB/s,1280,80,32,20,16 KB (per CU),512 KB,29.60 GPixel/s,74.00 GTexel/s,,2.368 TFLOPS,148.0 GFLOPS,Dual-slot,150 W,2x DVI,1x 6-pin,12,4.6,2.1 (1.2),1.2.170,6.5 (5.1),FCBGA-1737,,179 USD,32 in our database,210 mm,450 W,"109-C63057-01_02,",,,,,,,,,,,,,,,,,,,
AMD Radeon R9 280,AMD+Radeon+R9+280,Tahiti,Tahiti PRO3,GCN 1.0,TSMC,28 nm,"4,313 million",12.3M / mm²,352 mm²,"Mar 4th, 2014",Volcanic Islands,Sea Islands,Pirate Islands,End-of-life,PCIe 3.0 x16,827 MHz,933 MHz,1250 MHz,3 GB,GDDR5,384 bit,240.0 GB/s,1792,112,32,28,16 KB (per CU),768 KB,29.86 GPixel/s,104.5 GTexel/s,,3.344 TFLOPS,836.0 GFLOPS,Dual-slot,200 W,1x DVI,1x 6-pin + 1x 8-pin,12,4.6,2.1 (1.2),1.2.170,6.5 (5.1),,,279 USD,35 in our database,275 mm,550 W,C386,109 mm,36 mm,,,,,,,,,,,,,,,,,
AMD Radeon R9 280X,AMD+Radeon+R9+280X,Tahiti,Tahiti XTL,GCN 1.0,TSMC,28 nm,"4,313 million",12.3M / mm²,352 mm²,"Oct 8th, 2013",Volcanic Islands,Sea Islands,Pirate Islands,End-of-life,PCIe 3.0 x16,850 MHz,1000 MHz,1500 MHz,3 GB,GDDR5,384 bit,288.0 GB/s,2048,128,32,32,16 KB (per CU),768 KB,32.00 GPixel/s,128.0 GTexel/s,,4.096 TFLOPS,"1,024.0 GFLOPS",Dual-slot,250 W,2x DVI,1x 6-pin + 1x 8-pin,12,4.6,2.1 (1.2),1.2.170,6.5 (5.1),,,299 USD,105 in our database,275 mm,600 W,C386,109 mm,36 mm,,,,,,,,,,,,,,,,,
AMD Radeon R9 285,AMD+Radeon+R9+285,Tonga,Tonga PRO,GCN 3.0,TSMC,28 nm,"5,000 million",13.7M / mm²,366 mm²,"Sep 2nd, 2014",Volcanic Islands,Sea Islands,Pirate Islands,End-of-life,PCIe 3.0 x16,,,1375 MHz,2 GB,GDDR5,256 bit,176.0 GB/s,1792,112,32,28,16 KB (per CU),512 KB,29.38 GPixel/s,102.8 GTexel/s,3.290 TFLOPS,3.290 TFLOPS,205.6 GFLOPS,Dual-slot,190 W,2x DVI,2x 6-pin,12,4.6,2.1,1.2.170,6.5,,918 MHz,249 USD,59 in our database,221 mm,450 W,C766,109 mm,36 mm,,,,,,,,,,,,,,,,,
AMD Radeon R9 290,AMD+Radeon+R9+290,Hawaii,Hawaii PRO,GCN 2.0,TSMC,28 nm,"6,200 million",14.2M / mm²,438 mm²,"Nov 5th, 2013",Volcanic Islands,Sea Islands,Pirate Islands,End-of-life,PCIe 3.0 x16,,,1250 MHz,4 GB,GDDR5,512 bit,320.0 GB/s,2560,160,64,40,16 KB (per CU),1024 KB,60.61 GPixel/s,151.5 GTexel/s,,4.849 TFLOPS,606.1 GFLOPS,Dual-slot,275 W,2x DVI,1x 6-pin + 1x 8-pin,12,4.6,2.1,1.2.170,6.5,,947 MHz,399 USD,69 in our database,275 mm,600 W,109-C67157-00_02,109 mm,36 mm,,,,,,,,,,,,,,,,,
AMD Radeon R9 290X,AMD+Radeon+R9+290X,Hawaii,Hawaii XT,GCN 2.0,TSMC,28 nm,"6,200 million",14.2M / mm²,438 mm²,"Oct 24th, 2013",Volcanic Islands,Sea Islands,Pirate Islands,End-of-life,PCIe 3.0 x16,,,1250 MHz,4 GB,GDDR5,512 bit,320.0 GB/s,2816,176,64,44,16 KB (per CU),1024 KB,64.00 GPixel/s,176.0 GTexel/s,,5.632 TFLOPS,704.0 GFLOPS,Dual-slot,290 W,2x DVI,1x 6-pin + 1x 8-pin,12,4.6,2.1,1.2.170,6.5,,1000 MHz,549 USD,147 in our database,275 mm,600 W,"109-C67157-00_02,",109 mm,36 mm,,,,,,,,,,,,,,,,,
AMD Radeon R9 295X2,AMD+Radeon+R9+295X2,Vesuvius,Vesuvius XT,GCN 2.0,TSMC,28 nm,"6,200 million",14.2M / mm²,438 mm²,"Apr 29th, 2014",Volcanic Islands,Sea Islands,Pirate Islands,End-of-life,PCIe 3.0 x16,,,1250 MHz,4 GB,GDDR5,512 bit,320.0 GB/s,2816,176,64,44,16 KB (per CU),1024 KB,65.15 GPixel/s,179.2 GTexel/s,,5.733 TFLOPS,716.7 GFLOPS,Dual-slot,500 W,1x DVI,2x 8-pin,12,4.6,2.1,1.2.170,6.5,,1018 MHz,"1,499 USD",33 in our database,307 mm,900 W,109-C673A7-00D_02,114 mm,42 mm,,,,,,,,,,,,,,,,,
AMD Radeon R9 380,AMD+Radeon+R9+380,Antigua,Antigua PRO,GCN 3.0,TSMC,28 nm,"5,000 million",13.7M / mm²,366 mm²,"Jun 18th, 2015",Pirate Islands,Volcanic Islands,Arctic Islands,End-of-life,PCIe 3.0 x16,,,1375 MHz,2 GB,GDDR5,256 bit,176.0 GB/s,1792,112,32,28,16 KB (per CU),512 KB,31.04 GPixel/s,108.6 GTexel/s,3.476 TFLOPS,3.476 TFLOPS,217.3 GFLOPS,Dual-slot,190 W,2x DVI,2x 6-pin,12,4.6,2.1,1.2.170,6.5,,970 MHz,199 USD,39 in our database,221 mm,450 W,C766,111 mm,,,,,,,,,,,,,,,,,,
AMD Radeon R9 380X,AMD+Radeon+R9+380X,Antigua,Antigua XT,GCN 3.0,TSMC,28 nm,"5,000 million",13.7M / mm²,366 mm²,"Nov 19th, 2015",Pirate Islands,Volcanic Islands,Arctic Islands,End-of-life,PCIe 3.0 x16,,,1425 MHz,4 GB,GDDR5,256 bit,182.4 GB/s,2048,128,32,32,16 KB (per CU),512 KB,31.04 GPixel/s,124.2 GTexel/s,3.973 TFLOPS,3.973 TFLOPS,248.3 GFLOPS,Dual-slot,190 W,2x DVI,2x 6-pin,12,4.6,2.1,1.2.170,6.5,,970 MHz,229 USD,36 in our database,221 mm,450 W,"C766,",111 mm,,,,,,,,,,,,,,,,,,
AMD Radeon R9 390,AMD+Radeon+R9+390,Grenada,Grenada PRO,GCN 2.0,TSMC,28 nm,"6,200 million",14.2M / mm²,438 mm²,"Jun 18th, 2015",Pirate Islands,Volcanic Islands,Arctic Islands,End-of-life,PCIe 3.0 x16,,,1500 MHz,8 GB,GDDR5,512 bit,384.0 GB/s,2560,160,64,40,16 KB (per CU),1024 KB,64.00 GPixel/s,160.0 GTexel/s,,5.120 TFLOPS,640.0 GFLOPS,Dual-slot,275 W,2x DVI,1x 6-pin + 1x 8-pin,12,4.6,2.1,1.2.170,6.5,,1000 MHz,329 USD,35 in our database,275 mm,600 W,"109-C67157-00_02,",109 mm,36 mm,,,,,,,,,,,,,,,,,
AMD Radeon R9 390X,AMD+Radeon+R9+390X,Grenada,Grenada XT,GCN 2.0,TSMC,28 nm,"6,200 million",14.2M / mm²,438 mm²,"Jun 18th, 2015",Pirate Islands,Volcanic Islands,Arctic Islands,End-of-life,PCIe 3.0 x16,,,1500 MHz,8 GB,GDDR5,512 bit,384.0 GB/s,2816,176,64,44,16 KB (per CU),1024 KB,67.20 GPixel/s,184.8 GTexel/s,,5.914 TFLOPS,739.2 GFLOPS,Dual-slot,275 W,2x DVI,1x 6-pin + 1x 8-pin,12,4.6,2.1,1.2.170,6.5,,1050 MHz,429 USD,60 in our database,275 mm,600 W,"109-C67157-00_02,",109 mm,36 mm,,,,,,,,,,,,,,,,,
AMD Radeon R9 FURY,AMD+Radeon+R9+FURY,Fiji,Fiji PRO CB,GCN 3.0,TSMC,28 nm,"8,900 million",14.9M / mm²,596 mm²,"Jul 10th, 2015",Pirate Islands,Volcanic Islands,Arctic Islands,End-of-life,PCIe 3.0 x16,,,500 MHz,4 GB,HBM,4096 bit,512.0 GB/s,3584,224,64,56,16 KB (per CU),2 MB,64.00 GPixel/s,224.0 GTexel/s,7.168 TFLOPS,7.168 TFLOPS,448.0 GFLOPS,Dual-slot,275 W,1x HDMI 1.4a,2x 8-pin,12,4.6,2.1,1.2.170,6.5,,1000 MHz,549 USD,38 in our database,195 mm,600 W,109-C88037-00_04,115 mm,39 mm,,,,,,,,,,,,,,,,,
AMD Radeon R9 FURY X,AMD+Radeon+R9+FURY+X,Fiji,Fiji XT C8,GCN 3.0,TSMC,28 nm,"8,900 million",14.9M / mm²,596 mm²,"Jun 24th, 2015",Pirate Islands,Volcanic Islands,Arctic Islands,End-of-life,PCIe 3.0 x16,,,500 MHz,4 GB,HBM,4096 bit,512.0 GB/s,4096,256,64,64,16 KB (per CU),2 MB,67.20 GPixel/s,268.8 GTexel/s,8.602 TFLOPS,8.602 TFLOPS,537.6 GFLOPS,Dual-slot,275 W,1x HDMI 1.4a,2x 8-pin,12,4.6,2.1,1.2.170,6.5,,1050 MHz,649 USD,33 in our database,195 mm,600 W,109-C88037-00_04,115 mm,39 mm,,,,,,,,,,,,,,,,,
AMD Radeon R9 M270X,AMD+Radeon+R9+M270X,Venus,Venus XT,GCN 1.0,TSMC,28 nm,"1,500 million",12.2M / mm²,123 mm²,"Mar 21st, 2014",Gem System,Solar System,Polaris Mobile,End-of-life,PCIe 3.0 x16,725 MHz,775 MHz,1000 MHz,2 GB,GDDR5,128 bit,64.00 GB/s,640,40,16,10,16 KB (per CU),256 KB,12.40 GPixel/s,31.00 GTexel/s,,992.0 GFLOPS,,,unknown,Portable Device Dependent,,12,4.6,2.1 (1.2),1.2.170,6.5 (5.1),FCBGA-962,,,,,,,,,,,,,,,,,,,,,,,,,
AMD Radeon R9 M280X,AMD+Radeon+R9+M280X,Saturn,Saturn XT,GCN 2.0,TSMC,28 nm,"2,080 million",13.0M / mm²,160 mm²,"Feb 5th, 2015",Gem System,Solar System,Polaris Mobile,End-of-life,PCIe 3.0 x16,900 MHz,1000 MHz,1375 MHz,4 GB,GDDR5,128 bit,88.00 GB/s,896,56,16,14,16 KB (per CU),256 KB,16.00 GPixel/s,56.00 GTexel/s,,1.792 TFLOPS,112.0 GFLOPS,,unknown,Portable Device Dependent,,12,4.6,2.1,1.2.170,6.5,FCBGA-1093,,,,,,,,,,,,,,,,,,,,,,,,,
AMD Radeon R9 M280X 2GB,AMD+Radeon+R9+M280X+2GB,Saturn,Saturn XT,GCN 2.0,TSMC,28 nm,"2,080 million",13.0M / mm²,160 mm²,"Feb 5th, 2015",Gem System,Solar System,Polaris Mobile,End-of-life,PCIe 3.0 x16,900 MHz,1000 MHz,1375 MHz,4 GB,GDDR5,128 bit,88.00 GB/s,896,56,16,14,16 KB (per CU),256 KB,16.00 GPixel/s,56.00 GTexel/s,,1.792 TFLOPS,112.0 GFLOPS,,unknown,Portable Device Dependent,,12,4.6,2.1,1.2.170,6.5,FCBGA-1093,,,,,,,,,,,,,,,,,,,,,,,,,
AMD Radeon R9 M290X,AMD+Radeon+R9+M290X,Neptune,Neptune XT,GCN 1.0,TSMC,28 nm,"2,800 million",13.2M / mm²,212 mm²,"Jan 9th, 2014",Gem System,Solar System,Polaris Mobile,End-of-life,PCIe 3.0 x16,850 MHz,900 MHz,1200 MHz,4 GB,GDDR5,256 bit,153.6 GB/s,1280,80,32,20,16 KB (per CU),512 KB,28.80 GPixel/s,72.00 GTexel/s,,2.304 TFLOPS,144.0 GFLOPS,MXM Module,100 W,Portable Device Dependent,None,12,4.6,2.1 (1.2),1.2.170,6.5 (5.1),FCBGA-1737,,,,,,109-C60857-00_02 109-C79957-00A_02,,,,,,,,,,,,,,,,,,,
AMD Radeon R9 M380,AMD+Radeon+R9+M380,Strato,Strato PRO,GCN 2.0,TSMC,28 nm,"2,080 million",13.0M / mm²,160 mm²,"May 5th, 2015",Gem System,Solar System,Polaris Mobile,End-of-life,PCIe 3.0 x16,900 MHz,1000 MHz,1500 MHz,4 GB,GDDR5,128 bit,96.00 GB/s,768,48,16,12,16 KB (per CU),256 KB,16.00 GPixel/s,48.00 GTexel/s,,1.536 TFLOPS,96.00 GFLOPS,,unknown,Portable Device Dependent,,12,4.6,2.1,1.2.170,6.5,FCBGA-1093,,,,,,,,,,,,,,,,,,,,,,,,,
AMD Radeon R9 Nano,AMD+Radeon+R9+Nano,Fiji,Fiji XT CA,GCN 3.0,TSMC,28 nm,"8,900 million",14.9M / mm²,596 mm²,"Aug 27th, 2015",Pirate Islands,Volcanic Islands,Arctic Islands,End-of-life,PCIe 3.0 x16,,,500 MHz,4 GB,HBM,4096 bit,512.0 GB/s,4096,256,64,64,16 KB (per CU),2 MB,64.00 GPixel/s,256.0 GTexel/s,8.192 TFLOPS,8.192 TFLOPS,512.0 GFLOPS,Dual-slot,175 W,1x HDMI 1.4a,1x 8-pin,12,4.6,2.1,1.2.170,6.5,,1000 MHz,649 USD,28 in our database,154 mm,450 W,109-C88237-00_02,112 mm,40 mm,,,,,,,,,,,,,,,,,
AMD Radeon RX 460,AMD+Radeon+RX+460,Baffin,Baffin PRO,GCN 4.0,GlobalFoundries,14 nm,"3,000 million",24.4M / mm²,123 mm²,"Aug 8th, 2016",Arctic Islands,Pirate Islands,Polaris,Active,PCIe 3.0 x8,1090 MHz,1200 MHz,1750 MHz,2 GB,GDDR5,128 bit,112.0 GB/s,896,56,16,14,16 KB (per CU),1024 KB,19.20 GPixel/s,67.20 GTexel/s,2.150 TFLOPS,2.150 TFLOPS,134.4 GFLOPS,Dual-slot,75 W,1x DVI,None,12,4.6,2.1,1.3,6.7,BGA-769,,,38 in our database,170 mm,250 W,C994,,,,,,,,,,,,,,,,,,,
AMD Radeon RX 470,AMD+Radeon+RX+470,Ellesmere,Polaris 10 PRO,GCN 4.0,GlobalFoundries,14 nm,"5,700 million",24.6M / mm²,232 mm²,"Aug 4th, 2016",Arctic Islands,Pirate Islands,Polaris,Active,PCIe 3.0 x16,926 MHz,1206 MHz,1650 MHz,4 GB,GDDR5,256 bit,211.2 GB/s,2048,128,32,32,16 KB (per CU),2 MB,38.59 GPixel/s,154.4 GTexel/s,4.940 TFLOPS,4.940 TFLOPS,308.7 GFLOPS,Dual-slot,120 W,1x HDMI 2.0b,1x 6-pin,12,4.6,2.1,1.3,6.7,BGA-1401,,179 USD,46 in our database,240 mm,300 W,"C940,",95 mm,35 mm,,,,,,,,,,,,,,,,,
AMD Radeon RX 470 Mobile,AMD+Radeon+RX+470+Mobile,Ellesmere,Ellesmere PRO,GCN 4.0,GlobalFoundries,14 nm,"5,700 million",24.6M / mm²,232 mm²,"Aug 4th, 2016",Polaris Mobile,Gem System,Navi Mobile,Active,MXM-B (3.0),926 MHz,1074 MHz,1750 MHz,8 GB,GDDR5,256 bit,224.0 GB/s,2048,128,32,32,16 KB (per CU),2 MB,34.37 GPixel/s,137.5 GTexel/s,4.399 TFLOPS,4.399 TFLOPS,274.9 GFLOPS,MXM Module,85 W,Portable Device Dependent,None,12,4.6,2.1,1.3,6.7,BGA-1401,,,,,,,,,,,,,,,,,,,,,,,,,
AMD Radeon RX 480,AMD+Radeon+RX+480,Ellesmere,Polaris 10 XT,GCN 4.0,GlobalFoundries,14 nm,"5,700 million",24.6M / mm²,232 mm²,"Jun 29th, 2016",Arctic Islands,Pirate Islands,Polaris,Active,PCIe 3.0 x16,1120 MHz,1266 MHz,2000 MHz,8 GB,GDDR5,256 bit,256.0 GB/s,2304,144,32,36,16 KB (per CU),2 MB,40.51 GPixel/s,182.3 GTexel/s,5.834 TFLOPS,5.834 TFLOPS,364.6 GFLOPS,Dual-slot,150 W,1x HDMI 2.0b,1x 6-pin,12,4.6,2.1,1.3,6.7,BGA-1401,,229 USD,86 in our database,240 mm,450 W,"C940,",95 mm,35 mm,,,,,,,,,,,,,,,,,
AMD Radeon RX 480 Mobile,AMD+Radeon+RX+480+Mobile,Ellesmere,Ellesmere XT,GCN 4.0,GlobalFoundries,14 nm,"5,700 million",24.6M / mm²,232 mm²,"Aug 4th, 2016",Polaris Mobile,Gem System,Navi Mobile,Active,MXM-B (3.0),1000 MHz,1077 MHz,2000 MHz,8 GB,GDDR5,256 bit,256.0 GB/s,2304,144,32,36,16 KB (per CU),2 MB,34.46 GPixel/s,155.1 GTexel/s,4.963 TFLOPS,4.963 TFLOPS,310.2 GFLOPS,MXM Module,100 W,Portable Device Dependent,None,12,4.6,2.1,1.3,6.7,BGA-1401,,,,,,,,,,,,,,,,,,,,,,,,,
AMD Radeon RX 540 Mobile,AMD+Radeon+RX+540+Mobile,Lexa,Lexa PRO,GCN 4.0,GlobalFoundries,14 nm,"2,200 million",21.4M / mm²,103 mm²,"Nov 11th, 2017",Polaris Mobile,Gem System,Navi Mobile,End-of-life,PCIe 3.0 x8,,,1250 MHz,2 GB,GDDR5,128 bit,80.00 GB/s,512,32,16,8,16 KB (per CU),512 KB,16.74 GPixel/s,33.47 GTexel/s,"1,071.1 GFLOPS","1,071.1 GFLOPS",66.94 GFLOPS,IGP,50 W,Portable Device Dependent,None,12,4.6,2.1,1.3,6.7,FCBGA-769,1046 MHz,,,,,,,,,,,,,,,,,,,,,,,,
AMD Radeon RX 550,AMD+Radeon+RX+550,Lexa,Lexa PRO,GCN 4.0,GlobalFoundries,14 nm,"2,200 million",21.4M / mm²,103 mm²,"Apr 20th, 2017",Polaris,Arctic Islands,Vega,End-of-life,PCIe 3.0 x8,1100 MHz,1183 MHz,1750 MHz,2 GB,GDDR5,128 bit,112.0 GB/s,512,32,16,8,16 KB (per CU),512 KB,18.93 GPixel/s,37.86 GTexel/s,"1,211.4 GFLOPS","1,211.4 GFLOPS",75.71 GFLOPS,Dual-slot,50 W,1x DVI,None,12,4.6,2.1,1.3,6.7,FCBGA-769,,79 USD,5 in our database,145 mm,250 W,D090-01,,,,,,,,,,,,,,,,,,,
AMD Radeon RX 550 Mobile,AMD+Radeon+RX+550+Mobile,Lexa,Lexa PRO,GCN 4.0,GlobalFoundries,14 nm,"2,200 million",21.4M / mm²,103 mm²,"Jul 2nd, 2017",Polaris Mobile,Gem System,Navi Mobile,End-of-life,PCIe 3.0 x8,1100 MHz,1287 MHz,1500 MHz,2 GB,GDDR5,128 bit,96.00 GB/s,640,40,16,10,16 KB (per CU),512 KB,20.59 GPixel/s,51.48 GTexel/s,1.647 TFLOPS,1.647 TFLOPS,103.0 GFLOPS,IGP,50 W,Portable Device Dependent,None,12,4.6,2.1,1.3,6.7,FCBGA-769,,,,,,,,,,,,,,,,,,,,,,,,,
AMD Radeon RX 5500 XT 4GB,AMD+Radeon+RX+5500+XT+4GB,Navi 14,Navi 14 XTX,RDNA 1.0,TSMC,7 nm,"6,400 million",40.5M / mm²,158 mm²,"Dec 12th, 2019",Navi,Vega,Navi II,Active,PCIe 4.0 x8,1607 MHz,1845 MHz,1750 MHz,4 GB,GDDR6,128 bit,224.0 GB/s,1408,88,32,22,,2 MB,59.04 GPixel/s,162.4 GTexel/s,10.39 TFLOPS,5.196 TFLOPS,324.7 GFLOPS,Dual-slot,130 W,1x HDMI 2.0b,1x 8-pin,12,4.6,2.1,1.3,6.8,BGA-1125,,169 USD,49 in our database,180 mm,300 W,109-D33257-00B_02,,,,1717 MHz,102-D33220,,,,,,,,,,,,,,
AMD Radeon RX 5500 XT 8GB,AMD+Radeon+RX+5500+XT+8GB,Navi 14,Navi 14 XTX,RDNA 1.0,TSMC,7 nm,"6,400 million",40.5M / mm²,158 mm²,"Dec 12th, 2019",Navi,Vega,Navi II,Active,PCIe 4.0 x8,1607 MHz,1845 MHz,1750 MHz,4 GB,GDDR6,128 bit,224.0 GB/s,1408,88,32,22,,2 MB,59.04 GPixel/s,162.4 GTexel/s,10.39 TFLOPS,5.196 TFLOPS,324.7 GFLOPS,Dual-slot,130 W,1x HDMI 2.0b,1x 8-pin,12,4.6,2.1,1.3,6.8,BGA-1125,,169 USD,49 in our database,180 mm,300 W,109-D33257-00B_02,,,,1717 MHz,102-D33220,,,,,,,,,,,,,,
AMD Radeon RX 550X Mobile,AMD+Radeon+RX+550X+Mobile,Polaris 23,Polaris 23 MXT,GCN 4.0,GlobalFoundries,14 nm,"2,200 million",21.4M / mm²,103 mm²,"Apr 11th, 2018",Polaris Mobile,Gem System,Navi Mobile,Active,PCIe 3.0 x8,1100 MHz,1176 MHz,1500 MHz,2 GB,GDDR5,64 bit,48.00 GB/s,640,40,16,10,16 KB (per CU),512 KB,18.82 GPixel/s,47.04 GTexel/s,1.505 TFLOPS,1.505 TFLOPS,94.08 GFLOPS,IGP,50 W,Portable Device Dependent,None,12,4.6,2.1,1.3,6.7,BGA-769,,,,,,,,,,,,,,,,,,,,,,,,,
AMD Radeon RX 560,AMD+Radeon+RX+560,Polaris 21,Polaris 21 XT,GCN 4.0,GlobalFoundries,14 nm,"3,000 million",24.4M / mm²,123 mm²,"Apr 18th, 2017",Polaris,Arctic Islands,Vega,Active,PCIe 3.0 x8,1175 MHz,1275 MHz,1750 MHz,4 GB,GDDR5,128 bit,112.0 GB/s,1024,64,16,16,16 KB (per CU),1024 KB,20.40 GPixel/s,81.60 GTexel/s,2.611 TFLOPS,2.611 TFLOPS,163.2 GFLOPS,Dual-slot,75 W,1x DVI,None,12,4.6,2.1,1.3,6.7,BGA-769,,99 USD,7 in our database,170 mm,250 W,C994,,,,,,,,,,,,,,,,,,,
AMD Radeon RX 560 Mobile,AMD+Radeon+RX+560+Mobile,Baffin,BaffinM-XT,GCN 4.0,GlobalFoundries,14 nm,"3,000 million",24.4M / mm²,123 mm²,"Jan 5th, 2017",Polaris Mobile,Gem System,Navi Mobile,Active,MXM-B (3.0),784 MHz,1032 MHz,1710 MHz,4 GB,GDDR5,128 bit,109.4 GB/s,896,56,16,14,16 KB (per CU),1024 KB,16.51 GPixel/s,57.79 GTexel/s,1.849 TFLOPS,1.849 TFLOPS,115.6 GFLOPS,MXM Module,55 W,Portable Device Dependent,None,12,4.6,2.1,1.3,6.7,BGA-769,,,,,,,,,,,,,,,,,,,,,,,,,
AMD Radeon RX 5600 XT,AMD+Radeon+RX+5600+XT,Navi 10,Navi 10 XLE,RDNA 1.0,TSMC,7 nm,"10,300 million",41.0M / mm²,251 mm²,"Jan 21st, 2020",Navi,Vega,Navi II,Active,PCIe 4.0 x16,1130 MHz,1560 MHz,1500 MHz,6 GB,GDDR6,192 bit,288.0 GB/s,2304,144,64,36,,3 MB,99.84 GPixel/s,224.6 GTexel/s,14.38 TFLOPS,7.188 TFLOPS,449.3 GFLOPS,Dual-slot,150 W,1x HDMI 2.0b,1x 8-pin,12,4.6,2.1,1.3,6.8,BGA-1928,,279 USD,78 in our database,267 mm,450 W,D189,,,,1375 MHz,,,,,,,,,,,,,,,
AMD Radeon RX 560X Mobile,AMD+Radeon+RX+560X+Mobile,Polaris 31,Polaris 31 MXL,GCN 4.0,GlobalFoundries,14 nm,"3,000 million",24.4M / mm²,123 mm²,"Jan 9th, 2019",Polaris Mobile,Gem System,Navi Mobile,Active,PCIe 3.0 x16,,,1750 MHz,4 GB,GDDR5,128 bit,112.0 GB/s,896,56,16,14,16 KB (per CU),1024 KB,19.57 GPixel/s,68.49 GTexel/s,2.192 TFLOPS,2.192 TFLOPS,137.0 GFLOPS,IGP,65 W,Portable Device Dependent,None,12,4.6,2.1,1.3,6.7,BGA-769,1223 MHz,,,,,,,,,,,,,,,,,,,,,,,,
AMD Radeon RX 560X Mobile 2GB,AMD+Radeon+RX+560X+Mobile+2GB,Polaris 31,Polaris 31 MXL,GCN 4.0,GlobalFoundries,14 nm,"3,000 million",24.4M / mm²,123 mm²,"Jan 9th, 2019",Polaris Mobile,Gem System,Navi Mobile,Active,PCIe 3.0 x16,,,1750 MHz,4 GB,GDDR5,128 bit,112.0 GB/s,896,56,16,14,16 KB (per CU),1024 KB,19.57 GPixel/s,68.49 GTexel/s,2.192 TFLOPS,2.192 TFLOPS,137.0 GFLOPS,IGP,65 W,Portable Device Dependent,None,12,4.6,2.1,1.3,6.7,BGA-769,1223 MHz,,,,,,,,,,,,,,,,,,,,,,,,
AMD Radeon RX 570,AMD+Radeon+RX+570,Polaris 20,Polaris 20 XL,GCN 4.0,GlobalFoundries,14 nm,"5,700 million",24.6M / mm²,232 mm²,"Apr 18th, 2017",Polaris,Arctic Islands,Vega,Active,PCIe 3.0 x16,1168 MHz,1244 MHz,1750 MHz,4 GB,GDDR5,256 bit,224.0 GB/s,2048,128,32,32,16 KB (per CU),2 MB,39.81 GPixel/s,159.2 GTexel/s,5.095 TFLOPS,5.095 TFLOPS,318.5 GFLOPS,Dual-slot,150 W,1x DVI,1x 6-pin,12,4.6,2.1,1.3,6.7,BGA-1401,,169 USD,29 in our database,241 mm,450 W,"C940,",,,,,,Amazon,,,,,,,,,,,,,
AMD Radeon RX 570 Mobile,AMD+Radeon+RX+570+Mobile,Ellesmere,Ellesmere PRO,GCN 4.0,GlobalFoundries,14 nm,"5,700 million",24.6M / mm²,232 mm²,"Dec 10th, 2017",Polaris Mobile,Gem System,Navi Mobile,Active,MXM-B (3.0),926 MHz,1206 MHz,1650 MHz,8 GB,GDDR5,256 bit,211.2 GB/s,2048,128,32,32,16 KB (per CU),2 MB,38.59 GPixel/s,154.4 GTexel/s,4.940 TFLOPS,4.940 TFLOPS,308.7 GFLOPS,MXM Module,85 W,Portable Device Dependent,None,12,4.6,2.1,1.3,6.7,BGA-1401,,,,,,,,,,,,,,,,,,,,,,,,,
AMD Radeon RX 5700,AMD+Radeon+RX+5700,Navi 10,Navi 10 XL,RDNA 1.0,TSMC,7 nm,"10,300 million",41.0M / mm²,251 mm²,"Jul 7th, 2019",Navi,Vega,Navi II,Active,PCIe 4.0 x16,1465 MHz,1725 MHz,1750 MHz,8 GB,GDDR6,256 bit,448.0 GB/s,2304,144,64,36,,4 MB,110.4 GPixel/s,248.4 GTexel/s,15.90 TFLOPS,7.949 TFLOPS,496.8 GFLOPS,Dual-slot,180 W,1x HDMI 2.0b,1x 6-pin + 1x 8-pin,12,4.6,2.1,1.3,6.8,BGA-1928,,349 USD,26 in our database,268 mm,450 W,109-D18237-00C_02,111 mm,36 mm,,1625 MHz,102-D18202,Amazon,,,,,,,,,,,,,
AMD Radeon RX 5700 XT,AMD+Radeon+RX+5700+XT,Navi 10,Navi 10 XT,RDNA 1.0,TSMC,7 nm,"10,300 million",41.0M / mm²,251 mm²,"Jul 7th, 2019",Navi,Vega,Navi II,Active,PCIe 4.0 x16,1605 MHz,1905 MHz,1750 MHz,8 GB,GDDR6,256 bit,448.0 GB/s,2560,160,64,40,,4 MB,121.9 GPixel/s,304.8 GTexel/s,19.51 TFLOPS,9.754 TFLOPS,609.6 GFLOPS,Dual-slot,225 W,1x HDMI 2.0b,1x 6-pin + 1x 8-pin,12,4.6,2.1,1.3,6.8,BGA-1928,,399 USD,121 in our database,272 mm,550 W,109-D18237-00C_02,111 mm,36 mm,,1755 MHz,102-D18205,Amazon,,,,,,,,,,,,,
AMD Radeon RX 580,AMD+Radeon+RX+580,Polaris 20,Polaris 20 XTX,GCN 4.0,GlobalFoundries,14 nm,"5,700 million",24.6M / mm²,232 mm²,"Apr 18th, 2017",Polaris,Arctic Islands,Vega,Active,PCIe 3.0 x16,1257 MHz,1340 MHz,2000 MHz,8 GB,GDDR5,256 bit,256.0 GB/s,2304,144,32,36,16 KB (per CU),2 MB,42.88 GPixel/s,193.0 GTexel/s,6.175 TFLOPS,6.175 TFLOPS,385.9 GFLOPS,Dual-slot,185 W,1x HDMI 2.0b,1x 8-pin,12,4.6,2.1,1.3,6.7,BGA-1401,,229 USD,52 in our database,241 mm,450 W,"C940,",,,,,,Amazon,,,,,,,,,,,,,
AMD Radeon RX 580 Mobile,AMD+Radeon+RX+580+Mobile,Polaris 20,Polaris 20M XT,GCN 4.0,GlobalFoundries,14 nm,"5,700 million",24.6M / mm²,232 mm²,"Apr 18th, 2017",Polaris Mobile,Gem System,Navi Mobile,Active,MXM-B (3.0),1000 MHz,1077 MHz,2000 MHz,8 GB,GDDR5,256 bit,256.0 GB/s,2304,144,32,36,16 KB (per CU),2 MB,34.46 GPixel/s,155.1 GTexel/s,4.963 TFLOPS,4.963 TFLOPS,310.2 GFLOPS,MXM Module,100 W,Portable Device Dependent,None,12,4.6,2.1,1.3,6.7,BGA-1401,,,,,,,,,,,,,,,,,,,,,,,,,
AMD Radeon RX 580X Mobile,AMD+Radeon+RX+580X+Mobile,Polaris 20,Polaris 20M XT,GCN 4.0,GlobalFoundries,14 nm,"5,700 million",24.6M / mm²,232 mm²,"Apr 11th, 2018",Polaris Mobile,Gem System,Navi Mobile,Active,MXM-B (3.0),,,2000 MHz,8 GB,GDDR5,256 bit,256.0 GB/s,2304,144,32,36,16 KB (per CU),2 MB,40.51 GPixel/s,182.3 GTexel/s,5.834 TFLOPS,5.834 TFLOPS,364.6 GFLOPS,MXM Module,100 W,Portable Device Dependent,None,12,4.6,2.1,1.3,6.7,BGA-1401,1266 MHz,,,,,,,,,,,,,,,,,,,,,,,,
AMD Radeon RX 590,AMD+Radeon+RX+590,Polaris 30,Polaris 30 XT,GCN 4.0,GlobalFoundries,12 nm,"5,700 million",24.6M / mm²,232 mm²,"Nov 15th, 2018",Polaris,Arctic Islands,Vega,Active,PCIe 3.0 x16,1469 MHz,1545 MHz,2000 MHz,8 GB,GDDR5,256 bit,256.0 GB/s,2304,144,32,36,16 KB (per CU),2 MB,49.44 GPixel/s,222.5 GTexel/s,7.119 TFLOPS,7.119 TFLOPS,445.0 GFLOPS,Dual-slot,175 W,1x HDMI 2.0b,1x 8-pin,12,4.6,2.1,1.3,6.7,BGA-1401,,279 USD,36 in our database,241 mm,450 W,C944-41,,,,,,Amazon,,,,,,,,,,,,,
AMD Radeon RX 6600 XT,AMD+Radeon+RX+6600+XT,Navi 23,Navi 23 XT,RDNA 2.0,TSMC,7 nm,"11,060 million",46.7M / mm²,237 mm²,"Jul 30th, 2021",Navi II,Navi,Navi III,Active,PCIe 4.0 x8,1968 MHz,2589 MHz,2000 MHz,8 GB,GDDR6,128 bit,256.0 GB/s,2048,128,64,32,128 KB per Array,2 MB,165.7 GPixel/s,331.4 GTexel/s,21.21 TFLOPS,10.60 TFLOPS,662.8 GFLOPS,Dual-slot,160 W,1x HDMI 2.1,1x 8-pin,12 Ultimate,4.6,2.1,1.3,6.8,BGA-1269,,379 USD,45 in our database,190 mm,450 W,D532,110 mm,40 mm,,2359 MHz,,Amazon,"Aug 10th, 2021",32,32 KB per WGP,32 MB,,,,,,,,,
AMD Radeon RX 6700 XT,AMD+Radeon+RX+6700+XT,Navi 22,Navi 22 XT,RDNA 2.0,TSMC,7 nm,"17,200 million",51.3M / mm²,335 mm²,"Mar 3rd, 2021",Navi II,Navi,Navi III,Active,PCIe 4.0 x16,2321 MHz,2581 MHz,2000 MHz,12 GB,GDDR6,192 bit,384.0 GB/s,2560,160,64,40,128 KB per Array,3 MB,165.2 GPixel/s,413.0 GTexel/s,26.43 TFLOPS,13.21 TFLOPS,825.9 GFLOPS,Dual-slot,230 W,1x HDMI 2.1,1x 6-pin + 1x 8-pin,12 Ultimate,4.6,2.1,1.3,6.8,BGA-1701,,479 USD,58 in our database,267 mm,550 W,109-D512A7-00_02,110 mm,40 mm,,2424 MHz,,Amazon,"Mar 18th, 2021",40,32 KB per WGP,96 MB,,,,,,,,,
AMD Radeon RX 6800,AMD+Radeon+RX+6800,Navi 21,Navi 21 XL,RDNA 2.0,TSMC,7 nm,"26,800 million",51.5M / mm²,520 mm²,"Oct 28th, 2020",Navi II,Navi,Navi III,Active,PCIe 4.0 x16,1700 MHz,2105 MHz,2000 MHz,16 GB,GDDR6,256 bit,512.0 GB/s,3840,240,96,60,128 KB per Array,4 MB,202.1 GPixel/s,505.2 GTexel/s,32.33 TFLOPS,16.17 TFLOPS,"1,010.4 GFLOPS",Dual-slot,250 W,1x HDMI 2.1,2x 8-pin,12 Ultimate,4.6,2.1,1.3,6.8,BGA-2425,,579 USD,22 in our database,267 mm,600 W,109-D412A7-00_03,120 mm,40 mm,,1815 MHz,102-D41209,Amazon,"Nov 18th, 2020",60,32 KB per WGP,128 MB,,,,,,,,,
AMD Radeon RX 6800 XT,AMD+Radeon+RX+6800+XT,Navi 21,Navi 21 XT,RDNA 2.0,TSMC,7 nm,"26,800 million",51.5M / mm²,520 mm²,"Oct 28th, 2020",Navi II,Navi,Navi III,Active,PCIe 4.0 x16,1825 MHz,2250 MHz,2000 MHz,16 GB,GDDR6,256 bit,512.0 GB/s,4608,288,128,72,128 KB per Array,4 MB,288.0 GPixel/s,648.0 GTexel/s,41.47 TFLOPS,20.74 TFLOPS,"1,296.0 GFLOPS",Dual-slot,300 W,1x HDMI 2.1,2x 8-pin,12 Ultimate,4.6,2.1,1.3,6.8,BGA-2425,,649 USD,57 in our database,267 mm,700 W,109-D412A7-00_03,120 mm,50 mm,,2015 MHz,102-D41205,Amazon,"Nov 18th, 2020",72,32 KB per WGP,128 MB,,,,,,,,,
AMD Radeon RX 6900 XT,AMD+Radeon+RX+6900+XT,Navi 21,Navi 21 XTX,RDNA 2.0,TSMC,7 nm,"26,800 million",51.5M / mm²,520 mm²,"Oct 28th, 2020",Navi II,Navi,Navi III,Active,PCIe 4.0 x16,1825 MHz,2250 MHz,2000 MHz,16 GB,GDDR6,256 bit,512.0 GB/s,5120,320,128,80,128 KB per Array,4 MB,288.0 GPixel/s,720.0 GTexel/s,46.08 TFLOPS,23.04 TFLOPS,"1,440.0 GFLOPS",Triple-slot,300 W,1x HDMI 2.1,2x 8-pin,12 Ultimate,4.6,2.1,1.3,6.8,BGA-2425,,999 USD,33 in our database,267 mm,700 W,109-D412A7-00_03,120 mm,50 mm,,2015 MHz,102-D412,Amazon,"Dec 8th, 2020",80,32 KB per WGP,128 MB,,,,,,,,,
AMD Radeon RX VEGA 10,AMD+Radeon+RX+VEGA+10,Raven-M,,GCN 5.0,GlobalFoundries,14 nm,"4,940 million",23.5M / mm²,210 mm²,"Oct 26th, 2017",Vega IGP,GCN 3.0 IGP,Navi II IGP,Active,IGP,300 MHz,1301 MHz,System Shared,System Shared,System Shared,System Shared,System Dependent,640,40,8,10,,,10.41 GPixel/s,52.04 GTexel/s,3.331 TFLOPS,1.665 TFLOPS,104.1 GFLOPS,IGP,10 W,Portable Device Dependent,None,12,4.6,2.1,1.3,6.7,FCBGA-1140,,,,,,,,,,,,,,,,,,,,,,,,,
AMD Radeon RX VEGA 3,AMD+Radeon+RX+VEGA+3,Vega 10,Vega 10 XL,GCN 5.0,GlobalFoundries,14 nm,"12,500 million",25.3M / mm²,495 mm²,"Aug 14th, 2017",Vega,Polaris,Navi,Active,PCIe 3.0 x16,1156 MHz,1471 MHz,800 MHz,8 GB,HBM2,2048 bit,409.6 GB/s,3584,224,64,56,16 KB (per CU),4 MB,94.14 GPixel/s,329.5 GTexel/s,21.09 TFLOPS,10.54 TFLOPS,659.0 GFLOPS,Dual-slot,210 W,1x HDMI 2.0b,2x 8-pin,12,4.6,2.1,1.3,6.7,BGA-2013,,399 USD,23 in our database,280 mm,550 W,109-D05057-00_02,111 mm,40 mm,,,,Amazon,,,,,960 MHz,,,,,,,,
AMD Radeon RX VEGA 6,AMD+Radeon+RX+VEGA+6,Vega 10,Vega 10 XT,GCN 5.0,GlobalFoundries,14 nm,"12,500 million",25.3M / mm²,495 mm²,"Aug 7th, 2017",Vega,Polaris,Navi,Active,PCIe 3.0 x16,1247 MHz,1546 MHz,945 MHz,8 GB,HBM2,2048 bit,483.8 GB/s,4096,256,64,64,16 KB (per CU),4 MB,98.94 GPixel/s,395.8 GTexel/s,25.33 TFLOPS,12.66 TFLOPS,791.6 GFLOPS,Dual-slot,295 W,1x HDMI 2.0b,2x 8-pin,12,4.6,2.1,1.3,6.7,BGA-2013,,499 USD,59 in our database,280 mm,600 W,109-D05057-00_02,111 mm,40 mm,,,,Amazon,,,,,960 MHz,,,,,,,,
AMD Radeon RX VEGA 8,AMD+Radeon+RX+VEGA+8,Vega 10,Vega 10 XL,GCN 5.0,GlobalFoundries,14 nm,"12,500 million",25.3M / mm²,495 mm²,"Aug 14th, 2017",Vega,Polaris,Navi,Active,PCIe 3.0 x16,1156 MHz,1471 MHz,800 MHz,8 GB,HBM2,2048 bit,409.6 GB/s,3584,224,64,56,16 KB (per CU),4 MB,94.14 GPixel/s,329.5 GTexel/s,21.09 TFLOPS,10.54 TFLOPS,659.0 GFLOPS,Dual-slot,210 W,1x HDMI 2.0b,2x 8-pin,12,4.6,2.1,1.3,6.7,BGA-2013,,399 USD,23 in our database,280 mm,550 W,109-D05057-00_02,111 mm,40 mm,,,,Amazon,,,,,960 MHz,,,,,,,,
AMD Radeon RX Vega 56,AMD+Radeon+RX+Vega+56,Vega 10,Vega 10 XL,GCN 5.0,GlobalFoundries,14 nm,"12,500 million",25.3M / mm²,495 mm²,"Aug 14th, 2017",Vega,Polaris,Navi,Active,PCIe 3.0 x16,1156 MHz,1471 MHz,800 MHz,8 GB,HBM2,2048 bit,409.6 GB/s,3584,224,64,56,16 KB (per CU),4 MB,94.14 GPixel/s,329.5 GTexel/s,21.09 TFLOPS,10.54 TFLOPS,659.0 GFLOPS,Dual-slot,210 W,1x HDMI 2.0b,2x 8-pin,12,4.6,2.1,1.3,6.7,BGA-2013,,399 USD,23 in our database,280 mm,550 W,109-D05057-00_02,111 mm,40 mm,,,,Amazon,,,,,960 MHz,,,,,,,,
AMD Radeon RX Vega 56 Mobile,AMD+Radeon+RX+Vega+56+Mobile,Vega 10,Vega 10 XLM,GCN 5.0,GlobalFoundries,14 nm,"12,500 million",25.3M / mm²,495 mm²,"Jun 1st, 2018",Polaris Mobile,Gem System,Navi Mobile,Active,PCIe 3.0 x16,1138 MHz,1301 MHz,800 MHz,8 GB,HBM2,2048 bit,409.6 GB/s,3584,224,64,56,16 KB (per CU),4 MB,83.26 GPixel/s,291.4 GTexel/s,18.65 TFLOPS,9.326 TFLOPS,582.8 GFLOPS,MXM Module,120 W,1x HDMI 2.0b,None,12,4.6,2.1,1.3,6.7,BGA-2013,,,23 in our database,105 mm,,,,,,,,,,,,,,,,,,,,,
AMD Radeon RX Vega 64,AMD+Radeon+RX+Vega+64,Vega 10,Vega 10 XT,GCN 5.0,GlobalFoundries,14 nm,"12,500 million",25.3M / mm²,495 mm²,"Aug 7th, 2017",Vega,Polaris,Navi,Active,PCIe 3.0 x16,1247 MHz,1546 MHz,945 MHz,8 GB,HBM2,2048 bit,483.8 GB/s,4096,256,64,64,16 KB (per CU),4 MB,98.94 GPixel/s,395.8 GTexel/s,25.33 TFLOPS,12.66 TFLOPS,791.6 GFLOPS,Dual-slot,295 W,1x HDMI 2.0b,2x 8-pin,12,4.6,2.1,1.3,6.7,BGA-2013,,499 USD,59 in our database,280 mm,600 W,109-D05057-00_02,111 mm,40 mm,,,,Amazon,,,,,960 MHz,,,,,,,,
AMD Radeon VII,AMD+Radeon+VII,Vega 20,Vega 20 XT,GCN 5.1,TSMC,7 nm,"13,230 million",40.0M / mm²,331 mm²,"Feb 7th, 2019",Vega II,Vega,Navi,Active,PCIe 3.0 x16,1400 MHz,1750 MHz,1000 MHz,16 GB,HBM2,4096 bit,1.02 TB/s,3840,240,64,60,16 KB (per CU),4 MB,112.0 GPixel/s,420.0 GTexel/s,26.88 TFLOPS,13.44 TFLOPS,3.360 TFLOPS,Dual-slot,295 W,1x HDMI 2.0b,2x 8-pin,12,4.6,2.1,1.3,6.7,BGA-1933,,699 USD,,280 mm,600 W,109-D36037-00_04,125 mm,40 mm,,,,Amazon,,,,,,1802 MHz,113-D3600200-105,,,,,,
ATI Radeon HD 4870,ATI+Radeon+HD+4870,RV770,RV770 XT,TeraScale,TSMC,55 nm,956 million,3.7M / mm²,256 mm²,"Jun 25th, 2008",Radeon R700,Radeon R600,Evergreen,End-of-life,PCIe 2.0 x16,,,900 MHz,512 MB,GDDR5,256 bit,115.2 GB/s,800,40,16,10,16 KB (per CU),256 KB,12.00 GPixel/s,30.00 GTexel/s,,"1,200.0 GFLOPS",240.0 GFLOPS,Dual-slot,150 W,2x DVI,2x 6-pin,10.1,3.3,1.1,N/A,4.1,HFCBGA-1492,750 MHz,299 USD,135 in our database,241 mm,450 W,109-B50731-10,111 mm,40 mm,,,,,,,,,,,,,,,,,
NVIDIA GeForce GT 1030,NVIDIA+GeForce+GT+1030,GP108,GP108-300-A1,Pascal,Samsung,14 nm,"1,800 million",24.3M / mm²,74 mm²,"May 17th, 2017",GeForce 10,GeForce 900,GeForce 20,End-of-life,PCIe 3.0 x4,1228 MHz,1468 MHz,1502 MHz,2 GB,GDDR5,64 bit,48.06 GB/s,384,24,16,,48 KB (per SM),512 KB,23.49 GPixel/s,35.23 GTexel/s,17.62 GFLOPS,"1,127.4 GFLOPS",35.23 GFLOPS,Single-slot,30 W,1x DVI,None,12,4.6,3.0,1.3,6.8,FCBGA-595,,79 USD,6 in our database,145 mm,200 W,PG110 SKU 0,69 mm,18 mm,,,,,,,,,,,,3,6.1,,,,
NVIDIA GeForce GT 640,NVIDIA+GeForce+GT+640,GK107,GK107-300-A2,Kepler,TSMC,28 nm,"1,270 million",10.8M / mm²,118 mm²,"Jun 5th, 2012",GeForce 600,GeForce 500,GeForce 700,End-of-life,PCIe 3.0 x16,,,891 MHz,2 GB,DDR3,128 bit,28.51 GB/s,384,32,16,,16 KB (per SMX),256 KB,7.216 GPixel/s,28.86 GTexel/s,,692.7 GFLOPS,28.86 GFLOPS,Single-slot,65 W,1x DVI,None,12,4.6,3.0,1.2.175,6.5 (5.1),BGA-908,902 MHz,99 USD,8 in our database,145 mm,250 W,P2011 SKU 0,,,,,,,,,,,,,,,3.0,2,,,
NVIDIA GeForce GTS 450,NVIDIA+GeForce+GTS+450,GF106,GF106-250-KA-A1,Fermi,TSMC,40 nm,"1,170 million",4.9M / mm²,238 mm²,"Sep 13th, 2010",GeForce 400,GeForce 200,GeForce 500,End-of-life,PCIe 2.0 x16,,,902 MHz,1024 MB,GDDR5,128 bit,57.73 GB/s,192,32,16,,64 KB (per SM),256 KB,6.264 GPixel/s,25.06 GTexel/s,,601.3 GFLOPS,50.11 GFLOPS,Dual-slot,106 W,2x DVI,1x 6-pin,12,4.6,1.1,N/A,5.1,BGA-973,783 MHz,129 USD,80 in our database,210 mm,300 W,P1060 SKU 11,111 mm,,,,,,,,,,,,,4,2.1,,1566 MHz,,
NVIDIA GeForce GTX 1050,NVIDIA+GeForce+GTX+1050,GP107,GP107-300-A1,Pascal,Samsung,14 nm,"3,300 million",25.0M / mm²,132 mm²,"Oct 25th, 2016",GeForce 10,GeForce 900,GeForce 20,End-of-life,PCIe 3.0 x16,1354 MHz,1455 MHz,1752 MHz,2 GB,GDDR5,128 bit,112.1 GB/s,640,40,32,,48 KB (per SM),1024 KB,46.56 GPixel/s,58.20 GTexel/s,29.10 GFLOPS,1.862 TFLOPS,58.20 GFLOPS,Dual-slot,75 W,1x DVI,None,12,4.6,3.0,1.3,6.8,FCBGA-908,,109 USD,15 in our database,145 mm,250 W,PG210 SKU 1,111 mm,,,,,,,,,,,,,5,6.1,,,,
NVIDIA GeForce GTX 1050 Max-Q,NVIDIA+GeForce+GTX+1050+Max-Q,GP107,N17P-G0-A1,Pascal,Samsung,14 nm,"3,300 million",25.0M / mm²,132 mm²,"Jan 3rd, 2018",GeForce 10 Mobile,GeForce 900M,GeForce 20 Mobile,End-of-life,PCIe 3.0 x16,1000 MHz,1139 MHz,1752 MHz,4 GB,GDDR5,128 bit,112.1 GB/s,640,40,16,,48 KB (per SM),1024 KB,18.22 GPixel/s,45.56 GTexel/s,22.78 GFLOPS,"1,457.9 GFLOPS",45.56 GFLOPS,IGP,75 W,Portable Device Dependent,None,12,4.6,3.0,1.3,6.8,FCBGA-908,,,15 in our database,,,E2904 SKU 0,,,,,,,,,,,,,,5,6.1,,,,
NVIDIA GeForce GTX 1050 Mobile,NVIDIA+GeForce+GTX+1050+Mobile,GP107,N17P-G0-A1,Pascal,Samsung,14 nm,"3,300 million",25.0M / mm²,132 mm²,"Jan 3rd, 2017",GeForce 10 Mobile,GeForce 900M,GeForce 20 Mobile,End-of-life,PCIe 3.0 x16,1354 MHz,1493 MHz,1752 MHz,2 GB,GDDR5,128 bit,112.1 GB/s,640,40,16,,48 KB (per SM),1024 KB,23.89 GPixel/s,59.72 GTexel/s,29.86 GFLOPS,1.911 TFLOPS,59.72 GFLOPS,,75 W,Portable Device Dependent,None,12,4.6,3.0,1.3,6.8,FCBGA-908,,,15 in our database,,,E2904 SKU 1,,,,,,,,,,,,,,5,6.1,,,,
NVIDIA GeForce GTX 1050 Mobile 2GB,NVIDIA+GeForce+GTX+1050+Mobile+2GB,GP107,N17P-G0-A1,Pascal,Samsung,14 nm,"3,300 million",25.0M / mm²,132 mm²,"Jan 3rd, 2017",GeForce 10 Mobile,GeForce 900M,GeForce 20 Mobile,End-of-life,PCIe 3.0 x16,1354 MHz,1493 MHz,1752 MHz,2 GB,GDDR5,128 bit,112.1 GB/s,640,40,16,,48 KB (per SM),1024 KB,23.89 GPixel/s,59.72 GTexel/s,29.86 GFLOPS,1.911 TFLOPS,59.72 GFLOPS,,75 W,Portable Device Dependent,None,12,4.6,3.0,1.3,6.8,FCBGA-908,,,15 in our database,,,E2904 SKU 1,,,,,,,,,,,,,,5,6.1,,,,
NVIDIA GeForce GTX 1050 Ti,NVIDIA+GeForce+GTX+1050+Ti,GP107,GP107-400-A1,Pascal,Samsung,14 nm,"3,300 million",25.0M / mm²,132 mm²,"Oct 25th, 2016",GeForce 10,GeForce 900,GeForce 20,End-of-life,PCIe 3.0 x16,1291 MHz,1392 MHz,1752 MHz,4 GB,GDDR5,128 bit,112.1 GB/s,768,48,32,,48 KB (per SM),1024 KB,44.54 GPixel/s,66.82 GTexel/s,33.41 GFLOPS,2.138 TFLOPS,66.82 GFLOPS,Dual-slot,75 W,1x DVI,None,12,4.6,3.0,1.3,6.8,FCBGA-908,,139 USD,58 in our database,145 mm,250 W,PG210,111 mm,,,,,,,,,,,,,6,6.1,,,,
NVIDIA GeForce GTX 1050 Ti Max-Q,NVIDIA+GeForce+GTX+1050+Ti+Max-Q,GP107,N17P-G1-A1,Pascal,Samsung,14 nm,"3,300 million",25.0M / mm²,132 mm²,"Jan 3rd, 2018",GeForce 10 Mobile,GeForce 900M,GeForce 20 Mobile,End-of-life,PCIe 3.0 x16,1152 MHz,1291 MHz,1752 MHz,4 GB,GDDR5,128 bit,112.1 GB/s,768,48,32,,48 KB (per SM),1024 KB,41.31 GPixel/s,61.97 GTexel/s,30.98 GFLOPS,1.983 TFLOPS,61.97 GFLOPS,,75 W,Portable Device Dependent,None,12,4.6,3.0,1.3,6.8,FCBGA-908,,,58 in our database,,,E2904 SKU 1,,,,,,,,,,,,,,6,6.1,,,,
NVIDIA GeForce GTX 1050 Ti Mobile,NVIDIA+GeForce+GTX+1050+Ti+Mobile,GP106,,Pascal,TSMC,16 nm,"4,400 million",22.0M / mm²,200 mm²,"Feb 1st, 2017",GeForce 10 Mobile,GeForce 900M,GeForce 20 Mobile,End-of-life,PCIe 3.0 x16,1493 MHz,1620 MHz,1752 MHz,2 GB,GDDR5,128 bit,112.1 GB/s,768,48,32,,48 KB (per SM),1024 KB,51.84 GPixel/s,77.76 GTexel/s,38.88 GFLOPS,2.488 TFLOPS,77.76 GFLOPS,,75 W,Portable Device Dependent,None,12,4.6,3.0,1.3,6.8,BGA-2173,,,58 in our database,,,E2914 SKU 30,,,,,,,,,,,,,,6,6.1,,,,
NVIDIA GeForce GTX 1060 3GB,NVIDIA+GeForce+GTX+1060+3GB,GP106,GP106-300-A1,Pascal,TSMC,16 nm,"4,400 million",22.0M / mm²,200 mm²,"Aug 18th, 2016",GeForce 10,GeForce 900,GeForce 20,End-of-life,PCIe 3.0 x16,1506 MHz,1708 MHz,2002 MHz,3 GB,GDDR5,192 bit,192.2 GB/s,1152,72,48,,48 KB (per SM),1536 KB,81.98 GPixel/s,123.0 GTexel/s,61.49 GFLOPS,3.935 TFLOPS,123.0 GFLOPS,Dual-slot,120 W,1x DVI,1x 6-pin,12,4.6,3.0,1.3,6.8,BGA-2173,,199 USD,117 in our database,250 mm,300 W,PG410 SKU 20,,,,,,,,,,,,,,9,6.1,,,,
NVIDIA GeForce GTX 1060 6GB,NVIDIA+GeForce+GTX+1060+6GB,GP106,GP106-300-A1,Pascal,TSMC,16 nm,"4,400 million",22.0M / mm²,200 mm²,"Aug 18th, 2016",GeForce 10,GeForce 900,GeForce 20,End-of-life,PCIe 3.0 x16,1506 MHz,1708 MHz,2002 MHz,3 GB,GDDR5,192 bit,192.2 GB/s,1152,72,48,,48 KB (per SM),1536 KB,81.98 GPixel/s,123.0 GTexel/s,61.49 GFLOPS,3.935 TFLOPS,123.0 GFLOPS,Dual-slot,120 W,1x DVI,1x 6-pin,12,4.6,3.0,1.3,6.8,BGA-2173,,199 USD,117 in our database,250 mm,300 W,PG410 SKU 20,,,,,,,,,,,,,,9,6.1,,,,
NVIDIA GeForce GTX 1060 Max-Q,NVIDIA+GeForce+GTX+1060+Max-Q,GP106,N17E-G1-A1,Pascal,TSMC,16 nm,"4,400 million",22.0M / mm²,200 mm²,"Jun 27th, 2017",GeForce 10 Mobile,GeForce 900M,GeForce 20 Mobile,End-of-life,PCIe 3.0 x16,1063 MHz,1480 MHz,2002 MHz,6 GB,GDDR5,192 bit,192.2 GB/s,1280,80,48,,48 KB (per SM),1536 KB,71.04 GPixel/s,118.4 GTexel/s,59.20 GFLOPS,3.789 TFLOPS,118.4 GFLOPS,MXM Module,80 W,Portable Device Dependent,None,12,4.6,3.0,1.3,6.8,BGA-2173,,,117 in our database,,,E2914 SKU 30,,,,,,,,,,,,,,10,6.1,,,,
NVIDIA GeForce GTX 1060 Mobile,NVIDIA+GeForce+GTX+1060+Mobile,GP106,N17E-G1-A1,Pascal,TSMC,16 nm,"4,400 million",22.0M / mm²,200 mm²,"Aug 15th, 2016",GeForce 10 Mobile,GeForce 900M,GeForce 20 Mobile,End-of-life,PCIe 3.0 x16,1405 MHz,1671 MHz,2002 MHz,6 GB,GDDR5,192 bit,192.2 GB/s,1280,80,48,,48 KB (per SM),1536 KB,80.21 GPixel/s,133.7 GTexel/s,66.84 GFLOPS,4.278 TFLOPS,133.7 GFLOPS,MXM Module,80 W,Portable Device Dependent,None,12,4.6,3.0,1.3,6.8,BGA-2173,,,117 in our database,,,E2914 SKU 30,,,,,,,,,,,,,,10,6.1,,,,
NVIDIA GeForce GTX 1070,NVIDIA+GeForce+GTX+1070,GP104,GP104-200-A1,Pascal,TSMC,16 nm,"7,200 million",22.9M / mm²,314 mm²,"Jun 10th, 2016",GeForce 10,GeForce 900,GeForce 20,End-of-life,PCIe 3.0 x16,1506 MHz,1683 MHz,2002 MHz,8 GB,GDDR5,256 bit,256.3 GB/s,1920,120,64,,48 KB (per SM),2 MB,107.7 GPixel/s,202.0 GTexel/s,101.0 GFLOPS,6.463 TFLOPS,202.0 GFLOPS,Dual-slot,150 W,1x DVI,1x 8-pin,12,4.6,3.0,1.3,6.8,BGA-2150,,379 USD,125 in our database,267 mm,450 W,PG411 SKU 20,112 mm,40 mm,,,,,,,,,,,,15,6.1,,,,
NVIDIA GeForce GTX 1070 Max-Q,NVIDIA+GeForce+GTX+1070+Max-Q,GP104B,N17E-G2-A1,Pascal,TSMC,16 nm,"7,200 million",22.9M / mm²,314 mm²,"Jun 27th, 2017",GeForce 10 Mobile,GeForce 900M,GeForce 20 Mobile,End-of-life,PCIe 3.0 x16,1215 MHz,1379 MHz,2002 MHz,8 GB,GDDR5,256 bit,256.3 GB/s,2048,128,64,,48 KB (per SM),2 MB,88.26 GPixel/s,176.5 GTexel/s,88.26 GFLOPS,5.648 TFLOPS,176.5 GFLOPS,MXM Module,115 W,Portable Device Dependent,None,12,4.6,3.0,1.3,6.8,BGA-2150,,,125 in our database,,,E2914 SKU 10,,,,,,,,,,,,,,16,6.1,,,,
NVIDIA GeForce GTX 1070 Mobile,NVIDIA+GeForce+GTX+1070+Mobile,GP104B,N17E-G2-A1,Pascal,TSMC,16 nm,"7,200 million",22.9M / mm²,314 mm²,"Aug 15th, 2016",GeForce 10 Mobile,GeForce 900M,GeForce 20 Mobile,End-of-life,PCIe 3.0 x16,1443 MHz,1645 MHz,2002 MHz,8 GB,GDDR5,256 bit,256.3 GB/s,2048,128,64,,48 KB (per SM),2 MB,105.3 GPixel/s,210.6 GTexel/s,105.3 GFLOPS,6.738 TFLOPS,210.6 GFLOPS,MXM Module,120 W,Portable Device Dependent,None,12,4.6,3.0,1.3,6.8,BGA-2150,,,125 in our database,,,E2914 SKU 10,,,,,,,,,,,,,,16,6.1,,,,
NVIDIA GeForce GTX 1070 Ti,NVIDIA+GeForce+GTX+1070+Ti,GP104,GP104-300-A1,Pascal,TSMC,16 nm,"7,200 million",22.9M / mm²,314 mm²,"Nov 2nd, 2017",GeForce 10,GeForce 900,GeForce 20,End-of-life,PCIe 3.0 x16,1607 MHz,1683 MHz,2002 MHz,8 GB,GDDR5,256 bit,256.3 GB/s,2432,152,64,,48 KB (per SM),2 MB,107.7 GPixel/s,255.8 GTexel/s,127.9 GFLOPS,8.186 TFLOPS,255.8 GFLOPS,Dual-slot,180 W,1x DVI,1x 8-pin,12,4.6,3.0,1.3,6.8,BGA-2150,,399 USD,81 in our database,267 mm,450 W,PG411 SKU 10,112 mm,40 mm,,,,,,,,,,,,19,6.1,,,,
NVIDIA GeForce GTX 1080,NVIDIA+GeForce+GTX+1080,GP104,GP104-400-A1,Pascal,TSMC,16 nm,"7,200 million",22.9M / mm²,314 mm²,"May 27th, 2016",GeForce 10,GeForce 900,GeForce 20,End-of-life,PCIe 3.0 x16,1607 MHz,1733 MHz,1251 MHz,8 GB,GDDR5X,256 bit,320.3 GB/s,2560,160,64,,48 KB (per SM),2 MB,110.9 GPixel/s,277.3 GTexel/s,138.6 GFLOPS,8.873 TFLOPS,277.3 GFLOPS,Dual-slot,180 W,1x DVI,1x 8-pin,12,4.6,3.0,1.3,6.8,BGA-2150,,599 USD,183 in our database,267 mm,450 W,PG413 SKU 0,112 mm,40 mm,,,,,,,,,,,,20,6.1,,,,
NVIDIA GeForce GTX 1080 Max-Q,NVIDIA+GeForce+GTX+1080+Max-Q,GP104B,N17E-G3-A1,Pascal,TSMC,16 nm,"7,200 million",22.9M / mm²,314 mm²,"Jun 27th, 2017",GeForce 10 Mobile,GeForce 900M,GeForce 20 Mobile,End-of-life,PCIe 3.0 x16,1277 MHz,1366 MHz,1251 MHz,8 GB,GDDR5X,256 bit,320.3 GB/s,2560,160,64,,48 KB (per SM),2 MB,87.42 GPixel/s,218.6 GTexel/s,109.3 GFLOPS,6.994 TFLOPS,218.6 GFLOPS,MXM Module,150 W,Portable Device Dependent,None,12,4.6,3.0,1.3,6.8,BGA-2150,,,183 in our database,,,E2915 SKU 10,,,,,,,,,,,,,,20,6.1,,,,
NVIDIA GeForce GTX 1080 Mobile,NVIDIA+GeForce+GTX+1080+Mobile,GP104B,N17E-G3-A1,Pascal,TSMC,16 nm,"7,200 million",22.9M / mm²,314 mm²,"Aug 15th, 2016",GeForce 10 Mobile,GeForce 900M,GeForce 20 Mobile,End-of-life,PCIe 3.0 x16,1557 MHz,1734 MHz,1251 MHz,8 GB,GDDR5X,256 bit,320.3 GB/s,2560,160,64,,48 KB (per SM),2 MB,111.0 GPixel/s,277.4 GTexel/s,138.7 GFLOPS,8.878 TFLOPS,277.4 GFLOPS,MXM Module,150 W,Portable Device Dependent,None,12,4.6,3.0,1.3,6.8,BGA-2150,,,183 in our database,,,E2915 SKU 10,,,,,,,,,,,,,,20,6.1,,,,
NVIDIA GeForce GTX 1080 Ti,NVIDIA+GeForce+GTX+1080+Ti,GP102,GP102-350-K1-A1,Pascal,TSMC,16 nm,"11,800 million",25.1M / mm²,471 mm²,"Mar 10th, 2017",GeForce 10,GeForce 900,GeForce 20,End-of-life,PCIe 3.0 x16,1481 MHz,1582 MHz,1376 MHz,11 GB,GDDR5X,352 bit,484.4 GB/s,3584,224,88,,48 KB (per SM),2.75 MB,139.2 GPixel/s,354.4 GTexel/s,177.2 GFLOPS,11.34 TFLOPS,354.4 GFLOPS,Dual-slot,250 W,1x HDMI 2.0,1x 6-pin + 1x 8-pin,12,4.6,3.0,1.3,6.8,BGA-2397,,699 USD,149 in our database,267 mm,600 W,PG611 SKU 50,112 mm,40 mm,,,,Amazon,,,,,,,,28,6.1,,,,
NVIDIA GeForce GTX 1650,NVIDIA+GeForce+GTX+1650,TU117,TU117-300-A1,Turing,TSMC,12 nm,"4,700 million",23.5M / mm²,200 mm²,"Apr 23rd, 2019",GeForce 16,GeForce 10,GeForce 20,Active,PCIe 3.0 x16,1485 MHz,1665 MHz,2001 MHz,4 GB,GDDR5,128 bit,128.1 GB/s,896,56,32,,64 KB (per SM),1024 KB,53.28 GPixel/s,93.24 GTexel/s,5.967 TFLOPS,2.984 TFLOPS,93.24 GFLOPS,Dual-slot,75 W,1x DVI,None,12,4.6,3.0,1.3,6.8,BGA-960,,149 USD,45 in our database,229 mm,250 W,PG174 SKU 0,111 mm,35 mm,,,,,,,,,,,,14,7.5,,,,
NVIDIA GeForce GTX 1650 Max-Q,NVIDIA+GeForce+GTX+1650+Max-Q,TU117,,Turing,TSMC,12 nm,"4,700 million",23.5M / mm²,200 mm²,"Apr 23rd, 2019",GeForce 16 Mobile,GeForce 10 Mobile,GeForce 20 Mobile,Active,PCIe 3.0 x16,1020 MHz,1245 MHz,1751 MHz,4 GB,GDDR5,128 bit,112.1 GB/s,1024,64,32,,64 KB (per SM),1024 KB,39.84 GPixel/s,79.68 GTexel/s,5.100 TFLOPS,2.550 TFLOPS,79.68 GFLOPS,,50 W,Portable Device Dependent,None,12,4.6,3.0,1.3,6.8,BGA-960,,,45 in our database,,,E4905 SKU 10,,,,,,,,,,,,,,16,7.5,,,,
NVIDIA GeForce GTX 1650 Mobile,NVIDIA+GeForce+GTX+1650+Mobile,TU117,N18P-G61-MP2,Turing,TSMC,12 nm,"4,700 million",23.5M / mm²,200 mm²,"Apr 15th, 2020",GeForce 16 Mobile,GeForce 10 Mobile,GeForce 20 Mobile,Active,PCIe 3.0 x16,1380 MHz,1515 MHz,1500 MHz,4 GB,GDDR6,128 bit,192.0 GB/s,1024,64,32,,64 KB (per SM),1024 KB,48.48 GPixel/s,96.96 GTexel/s,6.205 TFLOPS,3.103 TFLOPS,96.96 GFLOPS,,50 W,Portable Device Dependent,None,12,4.6,3.0,1.3,6.8,BGA-960,,,45 in our database,,,E4904 SKU 11,,,,,,,,,,,,,,16,7.5,,,,
NVIDIA GeForce GTX 1650 SUPER,NVIDIA+GeForce+GTX+1650+SUPER,TU116,TU116-250-KA-A1,Turing,TSMC,12 nm,"6,600 million",23.2M / mm²,284 mm²,"Nov 22nd, 2019",GeForce 16,GeForce 10,GeForce 20,Active,PCIe 3.0 x16,1530 MHz,1725 MHz,1500 MHz,4 GB,GDDR6,128 bit,192.0 GB/s,1280,80,32,,64 KB (per SM),1024 KB,55.20 GPixel/s,138.0 GTexel/s,8.832 TFLOPS,4.416 TFLOPS,138.0 GFLOPS,Dual-slot,100 W,1x DVI,1x 6-pin,12,4.6,3.0,1.3,6.8,BGA-2228,,159 USD,27 in our database,229 mm,300 W,PG166 SKU 24,111 mm,35 mm,,,,,,,,,,,,20,7.5,,,,
NVIDIA GeForce GTX 1660,NVIDIA+GeForce+GTX+1660,TU116,TU116-300-A1,Turing,TSMC,12 nm,"6,600 million",23.2M / mm²,284 mm²,"Mar 14th, 2019",GeForce 16,GeForce 10,GeForce 20,Active,PCIe 3.0 x16,1530 MHz,1785 MHz,2001 MHz,6 GB,GDDR5,192 bit,192.1 GB/s,1408,88,48,,64 KB (per SM),1536 KB,85.68 GPixel/s,157.1 GTexel/s,10.05 TFLOPS,5.027 TFLOPS,157.1 GFLOPS,Dual-slot,120 W,1x DVI,1x 8-pin,12,4.6,3.0,1.3,6.8,BGA-2228,,219 USD,40 in our database,229 mm,300 W,PG165 SKU 0,111 mm,35 mm,,,,,,,,,,,,22,7.5,,,,
NVIDIA GeForce GTX 1660 SUPER,NVIDIA+GeForce+GTX+1660+SUPER,TU116,TU116-300-A1,Turing,TSMC,12 nm,"6,600 million",23.2M / mm²,284 mm²,"Oct 29th, 2019",GeForce 16,GeForce 10,GeForce 20,Active,PCIe 3.0 x16,1530 MHz,1785 MHz,1750 MHz,6 GB,GDDR6,192 bit,336.0 GB/s,1408,88,48,,64 KB (per SM),1536 KB,85.68 GPixel/s,157.1 GTexel/s,10.05 TFLOPS,5.027 TFLOPS,157.1 GFLOPS,Dual-slot,125 W,1x DVI,1x 8-pin,12,4.6,3.0,1.3,6.8,BGA-2228,,229 USD,42 in our database,229 mm,300 W,PG161 SKU 26,111 mm,35 mm,,,,,,,,,,,,22,7.5,,,,
NVIDIA GeForce GTX 1660 Ti,NVIDIA+GeForce+GTX+1660+Ti,TU116,TU116-400-A1,Turing,TSMC,12 nm,"6,600 million",23.2M / mm²,284 mm²,"Feb 22nd, 2019",GeForce 16,GeForce 10,GeForce 20,Active,PCIe 3.0 x16,1500 MHz,1770 MHz,1500 MHz,6 GB,GDDR6,192 bit,288.0 GB/s,1536,96,48,,64 KB (per SM),1536 KB,84.96 GPixel/s,169.9 GTexel/s,10.87 TFLOPS,5.437 TFLOPS,169.9 GFLOPS,Dual-slot,120 W,1x DVI,1x 8-pin,12,4.6,3.0,1.3,6.8,BGA-2228,,279 USD,59 in our database,229 mm,300 W,PG160 SKU 21 PG161 SKU 21,111 mm,35 mm,,,,Amazon,,,,,,,,24,7.5,,,,
NVIDIA GeForce GTX 1660 Ti Max-Q,NVIDIA+GeForce+GTX+1660+Ti+Max-Q,TU116,,Turing,TSMC,12 nm,"6,600 million",23.2M / mm²,284 mm²,"Apr 23rd, 2019",GeForce 16 Mobile,GeForce 10 Mobile,GeForce 20 Mobile,Active,PCIe 3.0 x16,1140 MHz,1335 MHz,1500 MHz,6 GB,GDDR6,192 bit,288.0 GB/s,1536,96,48,,64 KB (per SM),1536 KB,64.08 GPixel/s,128.2 GTexel/s,8.202 TFLOPS,4.101 TFLOPS,128.2 GFLOPS,MXM Module,unknown,Portable Device Dependent,None,12,4.6,3.0,1.3,6.8,BGA-2228,,,,,,E4914 SKU 50,,,,,,,,,,,,,,24,7.5,,,,
NVIDIA GeForce GTX 1660 Ti Mobile,NVIDIA+GeForce+GTX+1660+Ti+Mobile,TU116,,Turing,TSMC,12 nm,"6,600 million",23.2M / mm²,284 mm²,"Apr 23rd, 2019",GeForce 16 Mobile,GeForce 10 Mobile,GeForce 20 Mobile,Active,PCIe 3.0 x16,1455 MHz,1590 MHz,1500 MHz,6 GB,GDDR6,192 bit,288.0 GB/s,1536,96,48,,64 KB (per SM),1536 KB,76.32 GPixel/s,152.6 GTexel/s,9.769 TFLOPS,4.884 TFLOPS,152.6 GFLOPS,MXM Module,unknown,Portable Device Dependent,None,12,4.6,3.0,1.3,6.8,BGA-2228,,,,,,E4914 SKU 50,,,,,,,,,,,,,,24,7.5,,,,
NVIDIA GeForce GTX 260,NVIDIA+GeForce+GTX+260,GT200,G200-100-A2,Tesla 2.0,TSMC,65 nm,"1,400 million",2.4M / mm²,576 mm²,"Jun 16th, 2008",GeForce 200,GeForce 9,GeForce 400,End-of-life,PCIe 2.0 x16,,,999 MHz,896 MB,GDDR3,448 bit,111.9 GB/s,192,64,28,,,224 KB,16.13 GPixel/s,36.86 GTexel/s,,476.9 GFLOPS,59.62 GFLOPS,Dual-slot,182 W,2x DVI,2x 6-pin,11.1,3.3,1.1,N/A,4.0,BGA-2236,576 MHz,449 USD,137 in our database,267 mm,450 W,"P651 SKU 4,",,,,,,,,,,,,,,24,1.3,,1242 MHz,,
NVIDIA GeForce GTX 260 Core 216,NVIDIA+GeForce+GTX+260+Core+216,GT200,G200-103-A2,Tesla 2.0,TSMC,65 nm,"1,400 million",2.4M / mm²,576 mm²,"Sep 16th, 2008",GeForce 200,GeForce 9,GeForce 400,End-of-life,PCIe 2.0 x16,,,999 MHz,896 MB,GDDR3,448 bit,111.9 GB/s,216,72,28,,,224 KB,16.13 GPixel/s,41.47 GTexel/s,,536.5 GFLOPS,67.07 GFLOPS,Dual-slot,182 W,2x DVI,2x 6-pin,11.1,3.3,1.1,N/A,4.0,BGA-2236,576 MHz,299 USD,137 in our database,267 mm,450 W,"P651 SKU 4,",,,,,,,,,,,,,,27,1.3,,1242 MHz,,
NVIDIA GeForce GTX 280,NVIDIA+GeForce+GTX+280,GT200,G200-300-A2,Tesla 2.0,TSMC,65 nm,"1,400 million",2.4M / mm²,576 mm²,"Jun 16th, 2008",GeForce 200,GeForce 9,GeForce 400,End-of-life,PCIe 2.0 x16,,,1107 MHz,1024 MB,GDDR3,512 bit,141.7 GB/s,240,80,32,,,256 KB,19.26 GPixel/s,48.16 GTexel/s,,622.1 GFLOPS,77.76 GFLOPS,Dual-slot,236 W,2x DVI,1x 6-pin + 1x 8-pin,11.1,3.3,1.1,N/A,4.0,BGA-2236,602 MHz,649 USD,59 in our database,267 mm,550 W,P651 SKU 0,111 mm,,,,,,,,,,,,,30,1.3,,1296 MHz,,
NVIDIA GeForce GTX 285,NVIDIA+GeForce+GTX+285,GT200B,G200-350-B3,Tesla 2.0,TSMC,55 nm,"1,400 million",3.0M / mm²,470 mm²,"Dec 23rd, 2008",GeForce 200,GeForce 9,GeForce 400,End-of-life,PCIe 2.0 x16,,,1242 MHz,1024 MB,GDDR3,512 bit,159.0 GB/s,240,80,32,,,256 KB,20.74 GPixel/s,51.84 GTexel/s,,708.5 GFLOPS,88.56 GFLOPS,Dual-slot,204 W,2x DVI,2x 6-pin,11.1,3.3,1.1,N/A,4.0,BGA-1981,648 MHz,359 USD,88 in our database,267 mm,550 W,"P891 SKU 52,",,,,,,,"Jan 15th, 2009",,,,,,,30,1.3,,1476 MHz,,
NVIDIA GeForce GTX 470,NVIDIA+GeForce+GTX+470,GF100,GF100-275-A3,Fermi,TSMC,40 nm,"3,100 million",5.9M / mm²,529 mm²,"Mar 26th, 2010",GeForce 400,GeForce 200,GeForce 500,End-of-life,PCIe 2.0 x16,,,837 MHz,1280 MB,GDDR5,320 bit,133.9 GB/s,448,56,40,,64 KB (per SM),640 KB,17.02 GPixel/s,34.05 GTexel/s,,"1,088.6 GFLOPS",136.1 GFLOPS,Dual-slot,215 W,2x DVI,2x 6-pin,12,4.6,1.1,N/A,5.1,BGA-1980,608 MHz,349 USD,48 in our database,241 mm,550 W,P1025 SKU 0006,,,,,,,,,,,,,,14,2.0,,1215 MHz,,
NVIDIA GeForce GTX 480,NVIDIA+GeForce+GTX+480,GF100,GF100-375-A3,Fermi,TSMC,40 nm,"3,100 million",5.9M / mm²,529 mm²,"Mar 26th, 2010",GeForce 400,GeForce 200,GeForce 500,End-of-life,PCIe 2.0 x16,,,924 MHz,1536 MB,GDDR5,384 bit,177.4 GB/s,480,60,48,,64 KB (per SM),768 KB,21.03 GPixel/s,42.06 GTexel/s,,"1,345.0 GFLOPS",168.1 GFLOPS,Dual-slot,250 W,2x DVI,1x 6-pin + 1x 8-pin,12,4.6,1.1,N/A,5.1,BGA-1980,701 MHz,499 USD,84 in our database,267 mm,600 W,P1022 SKU 0000,,,,,,,,,,,,,,15,2.0,,1401 MHz,,
NVIDIA GeForce GTX 550 Ti,NVIDIA+GeForce+GTX+550+Ti,GF116,GF116-400-A1,Fermi 2.0,TSMC,40 nm,"1,170 million",4.9M / mm²,238 mm²,"Mar 15th, 2011",GeForce 500,GeForce 400,GeForce 600,End-of-life,PCIe 2.0 x16,,,1026 MHz,1024 MB,GDDR5,192 bit,98.50 GB/s,192,32,24,,64 KB (per SM),384 KB,7.200 GPixel/s,28.80 GTexel/s,,691.2 GFLOPS,57.60 GFLOPS,Dual-slot,116 W,2x DVI,1x 6-pin,12,4.6,1.1,N/A,5.1,BGA-1337,900 MHz,149 USD,62 in our database,210 mm,300 W,P1050 SKU 0,,,,,,,,,,,,,,4,2.1,,1800 MHz,,
NVIDIA GeForce GTX 560,NVIDIA+GeForce+GTX+560,GF114,GF114-325-A1,Fermi 2.0,TSMC,40 nm,"1,950 million",5.9M / mm²,332 mm²,"May 17th, 2011",GeForce 500,GeForce 400,GeForce 600,End-of-life,PCIe 2.0 x16,,,1000 MHz,1024 MB,GDDR5,256 bit,128.0 GB/s,336,56,32,,64 KB (per SM),512 KB,11.34 GPixel/s,45.36 GTexel/s,,"1,088.6 GFLOPS",90.72 GFLOPS,Dual-slot,150 W,2x DVI,2x 6-pin,12,4.6,1.1,N/A,5.1,BGA-1731,810 MHz,199 USD,48 in our database,210 mm,450 W,"P1040 SKU 51,",,,,,,,,,,,,,,7,2.1,,1620 MHz,,
NVIDIA GeForce GTX 560 Ti,NVIDIA+GeForce+GTX+560+Ti,GF114,GF114-400-A1,Fermi 2.0,TSMC,40 nm,"1,950 million",5.9M / mm²,332 mm²,"Jan 25th, 2011",GeForce 500,GeForce 400,GeForce 600,End-of-life,PCIe 2.0 x16,,,1002 MHz,1024 MB,GDDR5,256 bit,128.3 GB/s,384,64,32,,64 KB (per SM),512 KB,13.17 GPixel/s,52.67 GTexel/s,,"1,263.4 GFLOPS",105.3 GFLOPS,Dual-slot,170 W,2x DVI,2x 6-pin,12,4.6,1.1,N/A,5.1,BGA-1731,823 MHz,249 USD,122 in our database,229 mm,450 W,P1040 SKU 50,,,,,,,,,,,,,,8,2.1,,1645 MHz,,
NVIDIA GeForce GTX 570,NVIDIA+GeForce+GTX+570,GF110,GF110-275-A1,Fermi 2.0,TSMC,40 nm,"3,000 million",5.8M / mm²,520 mm²,"Dec 7th, 2010",GeForce 500,GeForce 400,GeForce 600,End-of-life,PCIe 2.0 x16,,,950 MHz,1280 MB,GDDR5,320 bit,152.0 GB/s,480,60,40,,64 KB (per SM),640 KB,21.96 GPixel/s,43.92 GTexel/s,,"1,405.4 GFLOPS",175.7 GFLOPS,Dual-slot,219 W,2x DVI,2x 6-pin,12,4.6,1.1,N/A,5.1,BGA-1981,732 MHz,349 USD,76 in our database,267 mm,550 W,P1261 SKU 5,,,,,,,,,,,,,,15,2.0,,1464 MHz,,
NVIDIA GeForce GTX 580,NVIDIA+GeForce+GTX+580,GF110,GF110-375-A1,Fermi 2.0,TSMC,40 nm,"3,000 million",5.8M / mm²,520 mm²,"Nov 9th, 2010",GeForce 500,GeForce 400,GeForce 600,End-of-life,PCIe 2.0 x16,,,1002 MHz,1536 MB,GDDR5,384 bit,192.4 GB/s,512,64,48,,64 KB (per SM),768 KB,24.70 GPixel/s,49.41 GTexel/s,,1.581 TFLOPS,197.6 GFLOPS,Dual-slot,244 W,2x DVI,1x 6-pin + 1x 8-pin,12,4.6,1.1,N/A,5.1,BGA-1981,772 MHz,499 USD,136 in our database,267 mm,550 W,P1261 SKU 2,111 mm,,,,,,,,,,,,,16,2.0,,1544 MHz,,
NVIDIA GeForce GTX 590,NVIDIA+GeForce+GTX+590,GF110,GF110-351-A1,Fermi 2.0,TSMC,40 nm,"3,000 million",5.8M / mm²,520 mm²,"Mar 24th, 2011",GeForce 500,GeForce 400,GeForce 600,End-of-life,PCIe 2.0 x16,,,854 MHz,1536 MB,GDDR5,384 bit,164.0 GB/s,512,64,48,,64 KB (per SM),768 KB,19.46 GPixel/s,38.91 GTexel/s,,"1,244.2 GFLOPS",155.5 GFLOPS,Dual-slot,365 W,3x DVI,2x 8-pin,12,4.6,1.1,N/A,5.1,BGA-1981,608 MHz,699 USD,36 in our database,279 mm,750 W,P1020 SKU 5,111 mm,40 mm,,,,,,,,,,,,16,2.0,,1215 MHz,,
NVIDIA GeForce GTX 650 Ti,NVIDIA+GeForce+GTX+650+Ti,GK106S,GK106-220-A1,Kepler,TSMC,28 nm,"2,540 million",11.5M / mm²,221 mm²,"Oct 9th, 2012",GeForce 600,GeForce 500,GeForce 700,End-of-life,PCIe 3.0 x16,,,1350 MHz,1024 MB,GDDR5,128 bit,86.40 GB/s,768,64,16,,16 KB (per SMX),256 KB,14.85 GPixel/s,59.39 GTexel/s,,"1,425.4 GFLOPS",59.39 GFLOPS,Single-slot,110 W,2x DVI,1x 6-pin,12,4.6,3.0,1.2.175,6.5 (5.1),BGA-908,928 MHz,149 USD,62 in our database,145 mm,300 W,P2010 SKU 15,,,,,,,,,,,,,,,3.0,4,,,
NVIDIA GeForce GTX 650 Ti Boost,NVIDIA+GeForce+GTX+650+Ti+Boost,GK106,GK106-240-A1,Kepler,TSMC,28 nm,"2,540 million",11.5M / mm²,221 mm²,"Mar 26th, 2013",GeForce 600,GeForce 500,GeForce 700,End-of-life,PCIe 3.0 x16,980 MHz,1032 MHz,1502 MHz,2 GB,GDDR5,192 bit,144.2 GB/s,768,64,24,,16 KB (per SMX),384 KB,16.51 GPixel/s,66.05 GTexel/s,,1.585 TFLOPS,66.05 GFLOPS,Dual-slot,134 W,2x DVI,1x 6-pin,12,4.6,3.0,1.2.175,6.5 (5.1),BGA-1425,,169 USD,66 in our database,241 mm,300 W,"P2030 SKU 11,",,,,,,,,,,,,,,,3.0,4,,,
NVIDIA GeForce GTX 660,NVIDIA+GeForce+GTX+660,GK106,GK106-400-A1,Kepler,TSMC,28 nm,"2,540 million",11.5M / mm²,221 mm²,"Sep 6th, 2012",GeForce 600,GeForce 500,GeForce 700,End-of-life,PCIe 3.0 x16,980 MHz,1032 MHz,1502 MHz,2 GB,GDDR5,192 bit,144.2 GB/s,960,80,24,,16 KB (per SMX),384 KB,20.64 GPixel/s,82.56 GTexel/s,,1.981 TFLOPS,82.56 GFLOPS,Dual-slot,140 W,2x DVI,1x 6-pin,12,4.6,3.0,1.2.175,6.5 (5.1),BGA-1425,,229 USD,77 in our database,241 mm,300 W,P2030 SKU 0,,,,,,,,,,,,,,,3.0,5,,,
NVIDIA GeForce GTX 660 Ti,NVIDIA+GeForce+GTX+660+Ti,GK104,GK104-300-KD-A2,Kepler,TSMC,28 nm,"3,540 million",12.0M / mm²,294 mm²,"Aug 16th, 2012",GeForce 600,GeForce 500,GeForce 700,End-of-life,PCIe 3.0 x16,915 MHz,980 MHz,1502 MHz,2 GB,GDDR5,192 bit,144.2 GB/s,1344,112,24,,16 KB (per SMX),384 KB,27.44 GPixel/s,109.8 GTexel/s,,2.634 TFLOPS,109.8 GFLOPS,Dual-slot,150 W,2x DVI,2x 6-pin,12,4.6,3.0,1.2.175,6.5 (5.1),BGA-1745,,299 USD,83 in our database,241 mm,450 W,P2004 SKU 1,,,,,,,,,,,,,,,3.0,7,,,
NVIDIA GeForce GTX 660M,NVIDIA+GeForce+GTX+660M,GK107,N13E-GE-A2,Kepler,TSMC,28 nm,"1,270 million",10.8M / mm²,118 mm²,"Mar 22nd, 2012",GeForce 600M,GeForce 500M,GeForce 700M,End-of-life,MXM-B (3.0),835 MHz,950 MHz,1250 MHz,2 GB,GDDR5,128 bit,80.00 GB/s,384,32,16,,16 KB (per SMX),256 KB,7.600 GPixel/s,30.40 GTexel/s,,729.6 GFLOPS,30.40 GFLOPS,MXM Module,50 W,Portable Device Dependent,None,12,4.6,3.0,1.2.175,6.5 (5.1),BGA-908,,,,,,P1309 SKU 2,,,,,,,,,,,,,,,3.0,2,,,
NVIDIA GeForce GTX 670,NVIDIA+GeForce+GTX+670,GK104,GK104-325-A2,Kepler,TSMC,28 nm,"3,540 million",12.0M / mm²,294 mm²,"May 10th, 2012",GeForce 600,GeForce 500,GeForce 700,End-of-life,PCIe 3.0 x16,915 MHz,980 MHz,1502 MHz,2 GB,GDDR5,256 bit,192.3 GB/s,1344,112,32,,16 KB (per SMX),512 KB,27.44 GPixel/s,109.8 GTexel/s,,2.634 TFLOPS,109.8 GFLOPS,Dual-slot,170 W,2x DVI,2x 6-pin,12,4.6,3.0,1.2.175,6.5 (5.1),BGA-1745,,399 USD,108 in our database,241 mm,450 W,P2004 SKU 5,111 mm,38 mm,,,,,,,,,,,,,3.0,7,,,
NVIDIA GeForce GTX 670M,NVIDIA+GeForce+GTX+670M,GF114,N13E-GS1-LP-A1,Fermi 2.0,TSMC,40 nm,"1,950 million",5.9M / mm²,332 mm²,"Mar 22nd, 2012",GeForce 600M,GeForce 500M,GeForce 700M,End-of-life,MXM-B (3.0),,,750 MHz,1536 MB,GDDR5,192 bit,72.00 GB/s,336,56,24,,64 KB (per SM),384 KB,8.372 GPixel/s,33.49 GTexel/s,,803.7 GFLOPS,66.98 GFLOPS,MXM Module,75 W,Portable Device Dependent,None,12,4.6,1.1,N/A,5.1,BGA-1731,598 MHz,,,,,"P1314 SKU 6,",,,,,,,,,,,,,,7,2.1,,1196 MHz,,
NVIDIA GeForce GTX 670MX,NVIDIA+GeForce+GTX+670MX,GK104,N13E-GR-A2,Kepler,TSMC,28 nm,"3,540 million",12.0M / mm²,294 mm²,"Oct 1st, 2012",GeForce 600M,GeForce 500M,GeForce 700M,End-of-life,PCIe 3.0 x16,601 MHz,601 MHz,700 MHz,3 GB,GDDR5,192 bit,67.20 GB/s,960,80,24,,16 KB (per SMX),384 KB,12.02 GPixel/s,48.08 GTexel/s,,"1,153.9 GFLOPS",48.08 GFLOPS,,75 W,Portable Device Dependent,None,12,4.6,3.0,1.2.175,6.5 (5.1),BGA-1745,,,,,,,,,,,,,,,,,,,,,3.0,5,,,
NVIDIA GeForce GTX 680,NVIDIA+GeForce+GTX+680,GK104,GK104-400-A2,Kepler,TSMC,28 nm,"3,540 million",12.0M / mm²,294 mm²,"Mar 22nd, 2012",GeForce 600,GeForce 500,GeForce 700,End-of-life,PCIe 3.0 x16,1006 MHz,1058 MHz,1502 MHz,2 GB,GDDR5,256 bit,192.3 GB/s,1536,128,32,,16 KB (per SMX),512 KB,33.86 GPixel/s,135.4 GTexel/s,,3.250 TFLOPS,135.4 GFLOPS,Dual-slot,195 W,2x DVI,2x 6-pin,12,4.6,3.0,1.2.175,6.5 (5.1),BGA-1745,,499 USD,151 in our database,256 mm,450 W,P2002 SKU 0,111 mm,38 mm,,,,,,,,,,,,,3.0,8,,,
NVIDIA GeForce GTX 680M,NVIDIA+GeForce+GTX+680M,GK104,N13E-GTX-A2,Kepler,TSMC,28 nm,"3,540 million",12.0M / mm²,294 mm²,"Jun 4th, 2012",GeForce 600M,GeForce 500M,GeForce 700M,End-of-life,MXM-B (3.0),719 MHz,758 MHz,900 MHz,4 GB,GDDR5,256 bit,115.2 GB/s,1344,112,32,,16 KB (per SMX),512 KB,21.22 GPixel/s,84.90 GTexel/s,,2.038 TFLOPS,84.90 GFLOPS,MXM Module,100 W,Portable Device Dependent,None,12,4.6,3.0,1.2.175,6.5 (5.1),BGA-1745,,,1 in our database,,,"P2051B SKU 1,",,,,,,,,,,,,,,,3.0,7,,,
NVIDIA GeForce GTX 690,NVIDIA+GeForce+GTX+690,GK104,GK104-355-A2,Kepler,TSMC,28 nm,"3,540 million",12.0M / mm²,294 mm²,"May 3rd, 2012",GeForce 600,GeForce 500,GeForce 700,End-of-life,PCIe 3.0 x16,915 MHz,1019 MHz,1502 MHz,2 GB,GDDR5,256 bit,192.3 GB/s,1536,128,32,,16 KB (per SMX),512 KB,32.61 GPixel/s,130.4 GTexel/s,,3.130 TFLOPS,130.4 GFLOPS,Dual-slot,300 W,3x DVI,2x 8-pin,12,4.6,3.0,1.2.175,6.5 (5.1),BGA-1745,,999 USD,20 in our database,279 mm,700 W,P2000 SKU 0,111 mm,38 mm,,,,,,,,,,,,,3.0,8,,,
NVIDIA GeForce GTX 750 Ti,NVIDIA+GeForce+GTX+750+Ti,GM107,GM107-400-A2,Maxwell,TSMC,28 nm,"1,870 million",12.6M / mm²,148 mm²,"Feb 18th, 2014",GeForce 700,GeForce 600,GeForce 900,End-of-life,PCIe 3.0 x16,1020 MHz,1085 MHz,1350 MHz,2 GB,GDDR5,128 bit,86.40 GB/s,640,40,16,,64 KB (per SMM),2 MB,17.36 GPixel/s,43.40 GTexel/s,,"1,388.8 GFLOPS",43.40 GFLOPS,Single-slot,60 W,2x DVI,None,12,4.6,3.0,1.3,6.7 (5.1),FCBGA-908,,149 USD,69 in our database,145 mm,250 W,P2010 SKU 50,,,,,,,,,,,,,,,5.0,,,5,
NVIDIA GeForce GTX 760,NVIDIA+GeForce+GTX+760,GK104,GK104-225-A2,Kepler,TSMC,28 nm,"3,540 million",12.0M / mm²,294 mm²,"Jun 25th, 2013",GeForce 700,GeForce 600,GeForce 900,End-of-life,PCIe 3.0 x16,980 MHz,1032 MHz,1502 MHz,2 GB,GDDR5,256 bit,192.3 GB/s,1152,96,32,,16 KB (per SMX),512 KB,24.77 GPixel/s,99.07 GTexel/s,,2.378 TFLOPS,99.07 GFLOPS,Dual-slot,170 W,2x DVI,2x 6-pin,12,4.6,3.0,1.2.175,6.5 (5.1),BGA-1745,,249 USD,139 in our database,241 mm,450 W,P2004 SKU 10,,,,,,,,,,,,,,,3.0,6,,,
NVIDIA GeForce GTX 760M,NVIDIA+GeForce+GTX+760M,GK106S,N14E-GL-A1,Kepler,TSMC,28 nm,"2,540 million",11.5M / mm²,221 mm²,"May 30th, 2013",GeForce 700M,GeForce 600M,GeForce 800M,End-of-life,PCIe 3.0 x16,628 MHz,719 MHz,1002 MHz,2 GB,GDDR5,128 bit,64.13 GB/s,768,64,16,,16 KB (per SMX),256 KB,11.50 GPixel/s,46.02 GTexel/s,,"1,104.4 GFLOPS",46.02 GFLOPS,MXM Module,55 W,Portable Device Dependent,None,12,4.6,3.0,1.2.175,6.5 (5.1),BGA-908,,,,,,E2044 SKU 20,,,,,,,,,,,,,,,3.0,4,,,
NVIDIA GeForce GTX 770,NVIDIA+GeForce+GTX+770,GK104,GK104-425-A2,Kepler,TSMC,28 nm,"3,540 million",12.0M / mm²,294 mm²,"May 30th, 2013",GeForce 700,GeForce 600,GeForce 900,End-of-life,PCIe 3.0 x16,1046 MHz,1085 MHz,1753 MHz,2 GB,GDDR5,256 bit,224.4 GB/s,1536,128,32,,16 KB (per SMX),512 KB,34.72 GPixel/s,138.9 GTexel/s,,3.333 TFLOPS,138.9 GFLOPS,Dual-slot,230 W,2x DVI,1x 6-pin + 1x 8-pin,12,4.6,3.0,1.2.175,6.5 (5.1),BGA-1745,,399 USD,112 in our database,267 mm,550 W,P2005 SKU 0,111 mm,38 mm,,,,,,,,,,,,,3.0,8,,,
NVIDIA GeForce GTX 770M,NVIDIA+GeForce+GTX+770M,GK106,N14E-GS-A1,Kepler,TSMC,28 nm,"2,540 million",11.5M / mm²,221 mm²,"May 30th, 2013",GeForce 700M,GeForce 600M,GeForce 800M,End-of-life,MXM-B (3.0),706 MHz,797 MHz,1002 MHz,3 GB,GDDR5,192 bit,96.19 GB/s,960,80,24,,16 KB (per SMX),384 KB,15.94 GPixel/s,63.76 GTexel/s,,1.530 TFLOPS,63.76 GFLOPS,MXM Module,75 W,Portable Device Dependent,None,12,4.6,3.0,1.2.175,6.5 (5.1),BGA-1425,,,,,,P2303 SKU 2,,,,,,,,,,,,,,,3.0,5,,,
NVIDIA GeForce GTX 780,NVIDIA+GeForce+GTX+780,GK110,GK110-300-A1,Kepler,TSMC,28 nm,"7,080 million",12.6M / mm²,561 mm²,"May 23rd, 2013",GeForce 700,GeForce 600,GeForce 900,End-of-life,PCIe 3.0 x16,863 MHz,902 MHz,1502 MHz,3 GB,GDDR5,384 bit,288.4 GB/s,2304,192,48,,16 KB (per SMX),1536 KB,43.30 GPixel/s,173.2 GTexel/s,,4.156 TFLOPS,173.2 GFLOPS,Dual-slot,250 W,2x DVI,1x 6-pin + 1x 8-pin,12,4.6,3.0,1.2.175,6.5 (5.1),BGA-2152,,649 USD,155 in our database,267 mm,600 W,"P2083 SKU 20,",111 mm,38 mm,,,,,,,,,,,,,3.5,12,,,
NVIDIA GeForce GTX 780M,NVIDIA+GeForce+GTX+780M,GK104,N14E-GTX-A2,Kepler,TSMC,28 nm,"3,540 million",12.0M / mm²,294 mm²,"May 11th, 2013",GeForce 700M,GeForce 600M,GeForce 800M,End-of-life,MXM-B (3.0),771 MHz,797 MHz,1250 MHz,4 GB,GDDR5,256 bit,160.0 GB/s,1536,128,32,,16 KB (per SMX),512 KB,25.50 GPixel/s,102.0 GTexel/s,,2.448 TFLOPS,102.0 GFLOPS,MXM Module,122 W,Portable Device Dependent,None,12,4.6,3.0,1.2.175,6.5 (5.1),BGA-1745,,,,,,P2053 SKU 1,,,,,,,,,,,,,,,3.0,8,,,
NVIDIA GeForce GTX 950,NVIDIA+GeForce+GTX+950,GM206,GM206-250-A1,Maxwell 2.0,TSMC,28 nm,"2,940 million",12.9M / mm²,228 mm²,"Aug 20th, 2015",GeForce 900,GeForce 700,GeForce 10,End-of-life,PCIe 3.0 x16,1024 MHz,1188 MHz,1653 MHz,2 GB,GDDR5,128 bit,105.8 GB/s,768,48,32,,48 KB (per SMM),1024 KB,38.02 GPixel/s,57.02 GTexel/s,,1.825 TFLOPS,57.02 GFLOPS,Dual-slot,90 W,1x DVI,1x 6-pin,12,4.6,3.0,1.3,6.8,BGA-1428,,159 USD,76 in our database,202 mm,250 W,,,,,,,,,,,,,,,,5.2,,,6,
NVIDIA GeForce GTX 960,NVIDIA+GeForce+GTX+960,GM206,GM206-300-A1,Maxwell 2.0,TSMC,28 nm,"2,940 million",12.9M / mm²,228 mm²,"Jan 22nd, 2015",GeForce 900,GeForce 700,GeForce 10,End-of-life,PCIe 3.0 x16,1127 MHz,1178 MHz,1753 MHz,2 GB,GDDR5,128 bit,112.2 GB/s,1024,64,32,,48 KB (per SMM),1024 KB,37.70 GPixel/s,75.39 GTexel/s,,2.413 TFLOPS,75.39 GFLOPS,Dual-slot,120 W,1x DVI,1x 6-pin,12,4.6,3.0,1.3,6.8,BGA-1428,,199 USD,124 in our database,241 mm,300 W,PG301,,,,,,,,,,,,,,,5.2,,,8,
NVIDIA GeForce GTX 960M,NVIDIA+GeForce+GTX+960M,GM107,N16P-GX-A1,Maxwell,TSMC,28 nm,"1,870 million",12.6M / mm²,148 mm²,"Mar 13th, 2015",GeForce 900M,GeForce 800M,GeForce 10 Mobile,End-of-life,MXM-B (3.0),1097 MHz,1176 MHz,1253 MHz,4 GB,GDDR5,128 bit,80.19 GB/s,640,40,16,,64 KB (per SMM),2 MB,18.82 GPixel/s,47.04 GTexel/s,,1.505 TFLOPS,47.04 GFLOPS,MXM Module,75 W,Portable Device Dependent,None,12,4.6,3.0,1.3,6.7 (5.1),FCBGA-908,,,,,,E2704 SKU 10,,,,,,,,,,,,,,,5.0,,,5,
NVIDIA GeForce GTX 970,NVIDIA+GeForce+GTX+970,GM204,GM204-200-A1,Maxwell 2.0,TSMC,28 nm,"5,200 million",13.1M / mm²,398 mm²,"Sep 19th, 2014",GeForce 900,GeForce 700,GeForce 10,End-of-life,PCIe 3.0 x16,1050 MHz,1178 MHz,1753 MHz,4 GB,GDDR5,256 bit,224.4 GB/s,1664,104,56,,48 KB (per SMM),2 MB,65.97 GPixel/s,122.5 GTexel/s,,3.920 TFLOPS,122.5 GFLOPS,Dual-slot,148 W,1x DVI,2x 6-pin,12,4.6,3.0,1.3,6.8,BGA-1745,,329 USD,111 in our database,267 mm,300 W,PG401,111 mm,40 mm,,,,,,,,,,,,,5.2,,,13,
NVIDIA GeForce GTX 970M,NVIDIA+GeForce+GTX+970M,GM204,N16E-GT-A2,Maxwell 2.0,TSMC,28 nm,"5,200 million",13.1M / mm²,398 mm²,"Oct 7th, 2014",GeForce 900M,GeForce 800M,GeForce 10 Mobile,End-of-life,MXM-B (3.0),924 MHz,1038 MHz,1253 MHz,6 GB,GDDR5,192 bit,120.3 GB/s,1280,80,48,,48 KB (per SMM),1536 KB,49.82 GPixel/s,83.04 GTexel/s,,2.657 TFLOPS,83.04 GFLOPS,MXM Module,unknown,Portable Device Dependent,None,12,4.6,3.0,1.3,6.8,BGA-1745,,,1 in our database,,,"P2754 SKU 2,",,,,,,,,,,,,,,,5.2,,,10,
NVIDIA GeForce GTX 970M 6GB,NVIDIA+GeForce+GTX+970M+6GB,GM204,N16E-GT-A2,Maxwell 2.0,TSMC,28 nm,"5,200 million",13.1M / mm²,398 mm²,"Oct 7th, 2014",GeForce 900M,GeForce 800M,GeForce 10 Mobile,End-of-life,MXM-B (3.0),924 MHz,1038 MHz,1253 MHz,6 GB,GDDR5,192 bit,120.3 GB/s,1280,80,48,,48 KB (per SMM),1536 KB,49.82 GPixel/s,83.04 GTexel/s,,2.657 TFLOPS,83.04 GFLOPS,MXM Module,unknown,Portable Device Dependent,None,12,4.6,3.0,1.3,6.8,BGA-1745,,,1 in our database,,,"P2754 SKU 2,",,,,,,,,,,,,,,,5.2,,,10,
NVIDIA GeForce GTX 980,NVIDIA+GeForce+GTX+980,GM204,GM204-400-A1,Maxwell 2.0,TSMC,28 nm,"5,200 million",13.1M / mm²,398 mm²,"Sep 19th, 2014",GeForce 900,GeForce 700,GeForce 10,End-of-life,PCIe 3.0 x16,1127 MHz,1216 MHz,1753 MHz,4 GB,GDDR5,256 bit,224.4 GB/s,2048,128,64,,48 KB (per SMM),2 MB,77.82 GPixel/s,155.6 GTexel/s,,4.981 TFLOPS,155.6 GFLOPS,Dual-slot,165 W,1x DVI,2x 6-pin,12,4.6,3.0,1.3,6.8,BGA-1745,,549 USD,146 in our database,267 mm,450 W,PG401,111 mm,40 mm,,,,,,,,,,,,,5.2,,,16,
NVIDIA GeForce GTX 980 Mobile,NVIDIA+GeForce+GTX+980+Mobile,GM204,N16E-GXX-A1,Maxwell 2.0,TSMC,28 nm,"5,200 million",13.1M / mm²,398 mm²,"Sep 21st, 2015",GeForce 900M,GeForce 800M,GeForce 10 Mobile,End-of-life,MXM-B (3.0),1064 MHz,1140 MHz,1753 MHz,8 GB,GDDR5,256 bit,224.4 GB/s,2048,128,64,,48 KB (per SMM),2 MB,72.96 GPixel/s,145.9 GTexel/s,,4.669 TFLOPS,145.9 GFLOPS,MXM Module,unknown,Portable Device Dependent,None,12,4.6,3.0,1.3,6.8,BGA-1745,,,146 in our database,,,,,,,,,,,,,,,,,,5.2,,,16,
NVIDIA GeForce GTX 980 Ti,NVIDIA+GeForce+GTX+980+Ti,GM200,GM200-310-A1,Maxwell 2.0,TSMC,28 nm,"8,000 million",13.3M / mm²,601 mm²,"Jun 2nd, 2015",GeForce 900,GeForce 700,GeForce 10,End-of-life,PCIe 3.0 x16,1000 MHz,1076 MHz,1753 MHz,6 GB,GDDR5,384 bit,336.6 GB/s,2816,176,96,,48 KB (per SMM),3 MB,103.3 GPixel/s,189.4 GTexel/s,,6.060 TFLOPS,189.4 GFLOPS,Dual-slot,250 W,1x DVI,1x 6-pin + 1x 8-pin,12,4.6,3.0,1.3,6.8,BGA-2152,,649 USD,169 in our database,267 mm,600 W,PG600 SKU 30,111 mm,40 mm,,,,,,,,,,,,,5.2,,,22,
NVIDIA GeForce GTX 980M,NVIDIA+GeForce+GTX+980M,GM204,N16E-GX-A1,Maxwell 2.0,TSMC,28 nm,"5,200 million",13.1M / mm²,398 mm²,"Oct 7th, 2014",GeForce 900M,GeForce 800M,GeForce 10 Mobile,End-of-life,MXM-B (3.0),1038 MHz,1127 MHz,1253 MHz,8 GB,GDDR5,256 bit,160.4 GB/s,1536,96,64,,48 KB (per SMM),2 MB,72.13 GPixel/s,108.2 GTexel/s,,3.462 TFLOPS,108.2 GFLOPS,MXM Module,unknown,Portable Device Dependent,None,12,4.6,3.0,1.3,6.8,BGA-1745,,,,,,P2754 SKU 3,,,,,,,,,,,,,,,5.2,,,12,
NVIDIA GeForce GTX 980MX,NVIDIA+GeForce+GTX+980MX,GM204,N16E-GXX-A1,Maxwell 2.0,TSMC,28 nm,"5,200 million",13.1M / mm²,398 mm²,"Jun 1st, 2016",GeForce 900M,GeForce 800M,GeForce 10 Mobile,End-of-life,PCIe 3.0 x16,1050 MHz,1178 MHz,1500 MHz,8 GB,GDDR5,256 bit,192.0 GB/s,1664,104,64,,48 KB (per SMM),2 MB,75.39 GPixel/s,122.5 GTexel/s,,3.920 TFLOPS,122.5 GFLOPS,MXM Module,148 W,Portable Device Dependent,None,12,4.6,3.0,1.3,6.8,BGA-1745,,,,,,,,,,,,,,,,,,,,,5.2,,,13,
NVIDIA GeForce GTX TITAN,NVIDIA+GeForce+GTX+TITAN,GK110,GK110-400-A1,Kepler,TSMC,28 nm,"7,080 million",12.6M / mm²,561 mm²,"Feb 19th, 2013",GeForce 700,GeForce 600,GeForce 900,End-of-life,PCIe 3.0 x16,836 MHz,876 MHz,1502 MHz,6 GB,GDDR5,384 bit,288.4 GB/s,2688,224,48,,16 KB (per SMX),1536 KB,49.06 GPixel/s,196.2 GTexel/s,,4.709 TFLOPS,1.570 TFLOPS,Dual-slot,250 W,2x DVI,1x 6-pin + 1x 8-pin,12,4.6,3.0,1.2.175,6.5 (5.1),BGA-2152,,999 USD,45 in our database,267 mm,600 W,P2083 SKU 10,111 mm,38 mm,,,,,,,,,,,,,3.5,14,,,
NVIDIA GeForce GTX TITAN BLACK,NVIDIA+GeForce+GTX+TITAN+BLACK,GK110B,GK110-430-B1,Kepler,TSMC,28 nm,"7,080 million",12.6M / mm²,561 mm²,"Feb 18th, 2014",GeForce 700,GeForce 600,GeForce 900,End-of-life,PCIe 3.0 x16,889 MHz,980 MHz,1750 MHz,6 GB,GDDR5,384 bit,336.0 GB/s,2880,240,48,,16 KB (per SMX),1536 KB,58.80 GPixel/s,235.2 GTexel/s,,5.645 TFLOPS,1.882 TFLOPS,Dual-slot,250 W,2x DVI,1x 6-pin + 1x 8-pin,12,4.6,3.0,1.2.175,6.5 (5.1),BGA-2152,,999 USD,11 in our database,267 mm,600 W,P2083 SKU 31,111 mm,38 mm,,,,,,,,,,,,,3.5,15,,,
NVIDIA GeForce GTX TITAN X,NVIDIA+GeForce+GTX+TITAN+X,GM200,GM200-400-A1,Maxwell 2.0,TSMC,28 nm,"8,000 million",13.3M / mm²,601 mm²,"Mar 17th, 2015",GeForce 900,GeForce 700,GeForce 10,End-of-life,PCIe 3.0 x16,1000 MHz,1089 MHz,1753 MHz,12 GB,GDDR5,384 bit,336.6 GB/s,3072,192,96,,48 KB (per SMM),3 MB,104.5 GPixel/s,209.1 GTexel/s,,6.691 TFLOPS,209.1 GFLOPS,Dual-slot,250 W,1x DVI,1x 6-pin + 1x 8-pin,12,4.6,3.0,1.3,6.8,BGA-2152,,999 USD,29 in our database,267 mm,600 W,PG600 SKU 0,111 mm,38 mm,,,,,,,,,,,,,5.2,,,24,
NVIDIA GeForce RTX 2060,NVIDIA+GeForce+RTX+2060,TU106,TU106-200A-KA-A1,Turing,TSMC,12 nm,"10,800 million",24.3M / mm²,445 mm²,"Jan 7th, 2019",GeForce 20,GeForce 10,GeForce 30,Active,PCIe 3.0 x16,1365 MHz,1680 MHz,1750 MHz,6 GB,GDDR6,192 bit,336.0 GB/s,1920,120,48,,64 KB (per SM),3 MB,80.64 GPixel/s,201.6 GTexel/s,12.90 TFLOPS,6.451 TFLOPS,201.6 GFLOPS,Dual-slot,160 W,1x DVI,1x 8-pin,12 Ultimate,4.6,3.0,1.3,6.8,BGA-2228,,349 USD,86 in our database,229 mm,450 W,PG160 SKU 42,113 mm,35 mm,,,,Amazon,,30,,,,,,30,7.5,,,,240
NVIDIA GeForce RTX 2060 Mobile,NVIDIA+GeForce+RTX+2060+Mobile,TU106,N18E-G1-KD-A1,Turing,TSMC,12 nm,"10,800 million",24.3M / mm²,445 mm²,"Jan 29th, 2019",GeForce 20 Mobile,GeForce 10 Mobile,GeForce 30 Mobile,Active,PCIe 3.0 x16,960 MHz,1200 MHz,1750 MHz,6 GB,GDDR6,192 bit,336.0 GB/s,1920,120,48,,64 KB (per SM),3 MB,57.60 GPixel/s,144.0 GTexel/s,9.216 TFLOPS,4.608 TFLOPS,144.0 GFLOPS,MXM Module,115 W,Portable Device Dependent,None,12 Ultimate,4.6,3.0,1.3,6.8,BGA-2228,,,,,,E4914 SKU 30,,,,,,,,30,,,,,,30,7.5,,,,240
NVIDIA GeForce RTX 2060 SUPER,NVIDIA+GeForce+RTX+2060+SUPER,TU106,TU106-410-A1,Turing,TSMC,12 nm,"10,800 million",24.3M / mm²,445 mm²,"Jul 9th, 2019",GeForce 20,GeForce 10,GeForce 30,Active,PCIe 3.0 x16,1470 MHz,1650 MHz,1750 MHz,8 GB,GDDR6,256 bit,448.0 GB/s,2176,136,64,,64 KB (per SM),4 MB,105.6 GPixel/s,224.4 GTexel/s,14.36 TFLOPS,7.181 TFLOPS,224.4 GFLOPS,Dual-slot,175 W,1x DVI,1x 8-pin,12 Ultimate,4.6,3.0,1.3,6.8,BGA-2228,,399 USD,40 in our database,229 mm,450 W,PG160 SKU 65,113 mm,35 mm,,,,,,34,,,,,,34,7.5,,,,272
NVIDIA GeForce RTX 2070,NVIDIA+GeForce+RTX+2070,TU106,TU106-400A-A1,Turing,TSMC,12 nm,"10,800 million",24.3M / mm²,445 mm²,"Oct 17th, 2018",GeForce 20,GeForce 10,GeForce 30,Active,PCIe 3.0 x16,1410 MHz,1620 MHz,1750 MHz,8 GB,GDDR6,256 bit,448.0 GB/s,2304,144,64,,64 KB (per SM),4 MB,103.7 GPixel/s,233.3 GTexel/s,14.93 TFLOPS,7.465 TFLOPS,233.3 GFLOPS,Dual-slot,175 W,1x DVI,1x 8-pin,12 Ultimate,4.6,3.0,1.3,6.8,BGA-2228,,499 USD,73 in our database,229 mm,450 W,PG160 SKU 52,113 mm,35 mm,,,,,,36,,,,,,36,7.5,,,,288
NVIDIA GeForce RTX 2070 Max-Q,NVIDIA+GeForce+RTX+2070+Max-Q,TU106,N18E-G2-A1,Turing,TSMC,12 nm,"10,800 million",24.3M / mm²,445 mm²,"Jan 29th, 2019",GeForce 20 Mobile,GeForce 10 Mobile,GeForce 30 Mobile,Active,PCIe 3.0 x16,885 MHz,1185 MHz,1500 MHz,8 GB,GDDR6,256 bit,384.0 GB/s,2304,144,64,,64 KB (per SM),4 MB,75.84 GPixel/s,170.6 GTexel/s,10.92 TFLOPS,5.460 TFLOPS,170.6 GFLOPS,MXM Module,90 W,Portable Device Dependent,None,12 Ultimate,4.6,3.0,1.3,6.8,BGA-2228,,,,,,E4914 SKU 30,,,,,,,,36,,,,,,36,7.5,,,,288
NVIDIA GeForce RTX 2070 Mobile,NVIDIA+GeForce+RTX+2070+Mobile,TU106,N18E-G2-A1,Turing,TSMC,12 nm,"10,800 million",24.3M / mm²,445 mm²,"Jan 29th, 2019",GeForce 20 Mobile,GeForce 10 Mobile,GeForce 30 Mobile,Active,PCIe 3.0 x16,1215 MHz,1440 MHz,1750 MHz,8 GB,GDDR6,256 bit,448.0 GB/s,2304,144,64,,64 KB (per SM),4 MB,92.16 GPixel/s,207.4 GTexel/s,13.27 TFLOPS,6.636 TFLOPS,207.4 GFLOPS,MXM Module,115 W,Portable Device Dependent,None,12 Ultimate,4.6,3.0,1.3,6.8,BGA-2228,,,,,,E4914 SKU 30,,,,,,,,36,,,,,,36,7.5,,,,288
NVIDIA GeForce RTX 2070 SUPER,NVIDIA+GeForce+RTX+2070+SUPER,TU104,TU104-410-A1,Turing,TSMC,12 nm,"13,600 million",25.0M / mm²,545 mm²,"Jul 9th, 2019",GeForce 20,GeForce 10,GeForce 30,Active,PCIe 3.0 x16,1605 MHz,1770 MHz,1750 MHz,8 GB,GDDR6,256 bit,448.0 GB/s,2560,160,64,,64 KB (per SM),4 MB,113.3 GPixel/s,283.2 GTexel/s,18.12 TFLOPS,9.062 TFLOPS,283.2 GFLOPS,Dual-slot,215 W,1x HDMI 2.0,1x 6-pin + 1x 8-pin,12 Ultimate,4.6,3.0,1.3,6.8,BGA-2228,,499 USD,78 in our database,267 mm,550 W,PG180 SKU 12,116 mm,35 mm,,,,,,40,,,,,,40,7.5,,,,320
NVIDIA GeForce RTX 2080,NVIDIA+GeForce+RTX+2080,TU104,TU104-400A-A1,Turing,TSMC,12 nm,"13,600 million",25.0M / mm²,545 mm²,"Sep 20th, 2018",GeForce 20,GeForce 10,GeForce 30,Active,PCIe 3.0 x16,1515 MHz,1710 MHz,1750 MHz,8 GB,GDDR6,256 bit,448.0 GB/s,2944,184,64,,64 KB (per SM),4 MB,109.4 GPixel/s,314.6 GTexel/s,20.14 TFLOPS,10.07 TFLOPS,314.6 GFLOPS,Dual-slot,215 W,1x HDMI 2.0,1x 6-pin + 1x 8-pin,12 Ultimate,4.6,3.0,1.3,6.8,BGA-2228,,699 USD,66 in our database,267 mm,550 W,PG180 SKU 2,116 mm,35 mm,,,,Amazon,,46,,,,,,46,7.5,,,,368
NVIDIA GeForce RTX 2080 Max-Q,NVIDIA+GeForce+RTX+2080+Max-Q,TU104,N18E-G3-A1,Turing,TSMC,12 nm,"13,600 million",25.0M / mm²,545 mm²,"Jan 29th, 2019",GeForce 20 Mobile,GeForce 10 Mobile,GeForce 30 Mobile,Active,PCIe 3.0 x16,735 MHz,1095 MHz,1500 MHz,8 GB,GDDR6,256 bit,384.0 GB/s,2944,184,64,,64 KB (per SM),4 MB,70.08 GPixel/s,201.5 GTexel/s,12.89 TFLOPS,6.447 TFLOPS,201.5 GFLOPS,MXM Module,80 W,Portable Device Dependent,None,12 Ultimate,4.6,3.0,1.3,6.8,BGA-2228,,,,,,E4914 SKU 10,,,,,,,,46,,,,,,46,7.5,,,,368
NVIDIA GeForce RTX 2080 Mobile,NVIDIA+GeForce+RTX+2080+Mobile,TU104,N18E-G3-A1,Turing,TSMC,12 nm,"13,600 million",25.0M / mm²,545 mm²,"Jan 29th, 2019",GeForce 20 Mobile,GeForce 10 Mobile,GeForce 30 Mobile,Active,PCIe 3.0 x16,1380 MHz,1590 MHz,1750 MHz,8 GB,GDDR6,256 bit,448.0 GB/s,2944,184,64,,64 KB (per SM),4 MB,101.8 GPixel/s,292.6 GTexel/s,18.72 TFLOPS,9.362 TFLOPS,292.6 GFLOPS,MXM Module,150 W,Portable Device Dependent,None,12 Ultimate,4.6,3.0,1.3,6.8,BGA-2228,,,,,,E4914 SKU 10,,,,,,,,46,,,,,,46,7.5,,,,368
NVIDIA GeForce RTX 2080 SUPER,NVIDIA+GeForce+RTX+2080+SUPER,TU104,TU104-450-A1,Turing,TSMC,12 nm,"13,600 million",25.0M / mm²,545 mm²,"Jul 23rd, 2019",GeForce 20,GeForce 10,GeForce 30,Active,PCIe 3.0 x16,1650 MHz,1815 MHz,1937 MHz,8 GB,GDDR6,256 bit,495.9 GB/s,3072,192,64,,64 KB (per SM),4 MB,116.2 GPixel/s,348.5 GTexel/s,22.30 TFLOPS,11.15 TFLOPS,348.5 GFLOPS,Dual-slot,250 W,1x HDMI 2.0,1x 6-pin + 1x 8-pin,12 Ultimate,4.6,3.0,1.3,6.8,BGA-2228,,699 USD,51 in our database,267 mm,600 W,PG180 SKU 42,116 mm,35 mm,,,,Amazon,,48,,,,,,48,7.5,,,,384
NVIDIA GeForce RTX 2080 Ti,NVIDIA+GeForce+RTX+2080+Ti,TU102,TU102-300A-K1-A1,Turing,TSMC,12 nm,"18,600 million",24.7M / mm²,754 mm²,"Sep 20th, 2018",GeForce 20,GeForce 10,GeForce 30,Active,PCIe 3.0 x16,1350 MHz,1545 MHz,1750 MHz,11 GB,GDDR6,352 bit,616.0 GB/s,4352,272,88,,64 KB (per SM),5.5 MB,136.0 GPixel/s,420.2 GTexel/s,26.90 TFLOPS,13.45 TFLOPS,420.2 GFLOPS,Dual-slot,250 W,1x HDMI 2.0,2x 8-pin,12 Ultimate,4.6,3.0,1.3,6.8,,,999 USD,88 in our database,267 mm,600 W,PG150 SKU 32,116 mm,35 mm,,,,Amazon,,68,,,,,,68,7.5,,,,544
NVIDIA GeForce RTX 3050,NVIDIA+GeForce+RTX+3050,GA107,GA107-140-A1,Ampere,Samsung,8 nm,"8,700 million",43.5M / mm²,200 mm²,"Jan 27th, 2022",GeForce 30,GeForce 20,GeForce 40,Active,PCIe 4.0 x8,1545 MHz,1740 MHz,1500 MHz,4 GB,GDDR6,128 bit,192.0 GB/s,2048,64,32,,128 KB (per SM),2 MB,55.68 GPixel/s,111.4 GTexel/s,7.127 TFLOPS,7.127 TFLOPS,111.4 GFLOPS,Dual-slot,90 W,1x HDMI 2.1,1x 6-pin,12 Ultimate,4.6,3.0,1.3,6.8,FCBGA-1358,,199 USD,,242 mm,250 W,,112 mm,,,,,,,16,,,,,,16,8.6,,,,64
NVIDIA GeForce RTX 3050 Ti,NVIDIA+GeForce+RTX+3050+Ti,GA107,,Ampere,Samsung,8 nm,"8,700 million",43.5M / mm²,200 mm²,"May 11th, 2021",GeForce 30 Mobile,GeForce 20 Mobile,,Active,PCIe 4.0 x8,735 MHz,1035 MHz,1375 MHz,4 GB,GDDR6,128 bit,176.0 GB/s,2560,80,32,,128 KB (per SM),2 MB,33.12 GPixel/s,82.80 GTexel/s,5.299 TFLOPS,5.299 TFLOPS,82.80 GFLOPS,IGP,75 W,Portable Device Dependent,None,12 Ultimate,4.6,3.0,1.3,6.8,FCBGA-1358,,,,,,E4736 SKU 10,,,,,,,2021,20,,,,,,20,8.6,,,,80
NVIDIA GeForce RTX 3060,NVIDIA+GeForce+RTX+3060,GA106,GA106-300-A1,Ampere,Samsung,8 nm,"12,000 million",43.5M / mm²,276 mm²,"Jan 12th, 2021",GeForce 30,GeForce 20,GeForce 40,Active,PCIe 4.0 x16,1320 MHz,1777 MHz,1875 MHz,12 GB,GDDR6,192 bit,360.0 GB/s,3584,112,48,,128 KB (per SM),3 MB,85.30 GPixel/s,199.0 GTexel/s,12.74 TFLOPS,12.74 TFLOPS,199.0 GFLOPS,Dual-slot,170 W,1x HDMI 2.1,1x 12-pin,12 Ultimate,4.6,3.0,1.3,6.8,BGA-2713,,329 USD,61 in our database,242 mm,450 W,PG190 SKU 60,112 mm,,,,,Amazon,"Feb 25th, 2021",28,,,,,,28,8.6,,,,112
NVIDIA GeForce RTX 3060 Ti,NVIDIA+GeForce+RTX+3060+Ti,GA104,GA104-200-A1,Ampere,Samsung,8 nm,"17,400 million",44.4M / mm²,392 mm²,"Dec 1st, 2020",GeForce 30,GeForce 20,GeForce 40,Active,PCIe 4.0 x16,1410 MHz,1665 MHz,1750 MHz,8 GB,GDDR6,256 bit,448.0 GB/s,4864,152,80,,128 KB (per SM),4 MB,133.2 GPixel/s,253.1 GTexel/s,16.20 TFLOPS,16.20 TFLOPS,253.1 GFLOPS,Dual-slot,200 W,1x HDMI 2.1,1x 12-pin,12 Ultimate,4.6,3.0,1.3,6.8,BGA-2713,,399 USD,66 in our database,242 mm,550 W,PG142 SKU 20,112 mm,,,,,Amazon,"Dec 2nd, 2020",38,,,,,,38,8.6,,,,152
NVIDIA GeForce RTX 3070,NVIDIA+GeForce+RTX+3070,GA104,GA104-300-A1,Ampere,Samsung,8 nm,"17,400 million",44.4M / mm²,392 mm²,"Sep 1st, 2020",GeForce 30,GeForce 20,GeForce 40,Active,PCIe 4.0 x16,1500 MHz,1725 MHz,1750 MHz,8 GB,GDDR6,256 bit,448.0 GB/s,5888,184,96,,128 KB (per SM),4 MB,165.6 GPixel/s,317.4 GTexel/s,20.31 TFLOPS,20.31 TFLOPS,317.4 GFLOPS,Dual-slot,220 W,1x HDMI 2.1,1x 12-pin,12 Ultimate,4.6,3.0,1.3,6.8,BGA-2713,,499 USD,79 in our database,242 mm,550 W,PG142 SKU 10,112 mm,,,,,Amazon,"Oct 29th, 2020",46,,,,,,46,8.6,,,,184
NVIDIA GeForce RTX 3070 Ti,NVIDIA+GeForce+RTX+3070+Ti,GA104,GA104-400-A1,Ampere,Samsung,8 nm,"17,400 million",44.4M / mm²,392 mm²,"May 31st, 2021",GeForce 30,GeForce 20,GeForce 40,Active,PCIe 4.0 x16,1575 MHz,1770 MHz,1188 MHz,8 GB,GDDR6X,256 bit,608.3 GB/s,6144,192,96,,128 KB (per SM),4 MB,169.9 GPixel/s,339.8 GTexel/s,21.75 TFLOPS,21.75 TFLOPS,339.8 GFLOPS,Dual-slot,290 W,1x HDMI 2.1,1x 12-pin,12 Ultimate,4.6,3.0,1.3,6.8,BGA-2713,,599 USD,46 in our database,267 mm,600 W,PG143 SKU 15,112 mm,,,,,,"Jun 10th, 2021",48,,,,,,48,8.6,,,,192
NVIDIA GeForce RTX 3080,NVIDIA+GeForce+RTX+3080,GA102,GA102-200-KD-A1,Ampere,Samsung,8 nm,"28,300 million",45.1M / mm²,628 mm²,"Sep 1st, 2020",GeForce 30,GeForce 20,GeForce 40,Active,PCIe 4.0 x16,1440 MHz,1710 MHz,1188 MHz,10 GB,GDDR6X,320 bit,760.3 GB/s,8704,272,96,,128 KB (per SM),5 MB,164.2 GPixel/s,465.1 GTexel/s,29.77 TFLOPS,29.77 TFLOPS,465.1 GFLOPS,Dual-slot,320 W,1x HDMI 2.1,1x 12-pin,12 Ultimate,4.6,3.0,1.3,6.8,BGA-3328,,699 USD,103 in our database,285 mm,700 W,PG132 SKU 30,112 mm,40 mm,,,,Amazon,"Sep 17th, 2020",68,,,,,,68,8.6,,,,272
NVIDIA GeForce RTX 3080 Ti,NVIDIA+GeForce+RTX+3080+Ti,GA102,GA102-225-A1,Ampere,Samsung,8 nm,"28,300 million",45.1M / mm²,628 mm²,"May 31st, 2021",GeForce 30,GeForce 20,GeForce 40,Active,PCIe 4.0 x16,1365 MHz,1665 MHz,1188 MHz,12 GB,GDDR6X,384 bit,912.4 GB/s,10240,320,112,,128 KB (per SM),6 MB,186.5 GPixel/s,532.8 GTexel/s,34.10 TFLOPS,34.10 TFLOPS,532.8 GFLOPS,Dual-slot,350 W,1x HDMI 2.1,1x 12-pin,12 Ultimate,4.6,3.0,1.3,6.8,BGA-3328,,"1,199 USD",59 in our database,285 mm,750 W,PG132 SKU 18,112 mm,40 mm,,,,,"Jun 3rd, 2021",80,,,,,,80,8.6,,,,320
NVIDIA GeForce RTX 3090,NVIDIA+GeForce+RTX+3090,GA102,GA102-300-A1,Ampere,Samsung,8 nm,"28,300 million",45.1M / mm²,628 mm²,"Sep 1st, 2020",GeForce 30,GeForce 20,GeForce 40,Active,PCIe 4.0 x16,1395 MHz,1695 MHz,1219 MHz,24 GB,GDDR6X,384 bit,936.2 GB/s,10496,328,112,,128 KB (per SM),6 MB,189.8 GPixel/s,556.0 GTexel/s,35.58 TFLOPS,35.58 TFLOPS,556.0 GFLOPS,Triple-slot,350 W,1x HDMI 2.1,1x 12-pin,12 Ultimate,4.6,3.0,1.3,6.8,BGA-3328,,"1,499 USD",59 in our database,336 mm,750 W,PG132 SKU 10,140 mm,61 mm,,,,Amazon,"Sep 24th, 2020",82,,,,,,82,8.6,,,,328
NVIDIA GeForce RTX 4050,NVIDIA+GeForce+RTX+4050,AD107,,Ada Lovelace,TSMC,5 nm,"18,900 million",118.9M / mm²,159 mm²,Never Released,GeForce 40,GeForce 30,GeForce 50,Active,PCIe 4.0 x8,2505 MHz,2640 MHz,2250 MHz,6 GB,GDDR6,96 bit,216.0 GB/s,2560,80,32,,128 KB (per SM),32 MB,84.48 GPixel/s,211.2 GTexel/s,13.52 TFLOPS,13.52 TFLOPS,211.2 GFLOPS,Dual-slot,100 W,1x HDMI 2.1,1x 8-pin,12 Ultimate,4.6,3.0,1.3,6.8,,,,,,300 W,,,,,,,,,18,,,,,,18,8.9,,,,120
NVIDIA GeForce RTX 4060,NVIDIA+GeForce+RTX+4060,AD107,AD107-400-A1,Ada Lovelace,TSMC,5 nm,"18,900 million",118.9M / mm²,159 mm²,"May 18th, 2023",GeForce 40,GeForce 30,GeForce 50,Active,PCIe 4.0 x8,1830 MHz,2460 MHz,2125 MHz,8 GB,GDDR6,128 bit,272.0 GB/s,3072,96,48,,128 KB (per SM),24 MB,118.1 GPixel/s,236.2 GTexel/s,15.11 TFLOPS,15.11 TFLOPS,236.2 GFLOPS,Dual-slot,115 W,1x HDMI 2.1,1x 12-pin,12 Ultimate,4.6,3.0,1.3,6.8,,,299 USD,45 in our database,240 mm,300 W,PG173 SKU 371,111 mm,40 mm,,,,Amazon,"Jun 29th, 2023",24,,,,,,24,8.9,,,,96
NVIDIA GeForce RTX 4060 Ti,NVIDIA+GeForce+RTX+4060+Ti,AD106,AD106-351-A1,Ada Lovelace,TSMC,5 nm,"22,900 million",121.8M / mm²,188 mm²,"May 18th, 2023",GeForce 40,GeForce 30,GeForce 50,Active,PCIe 4.0 x8,2310 MHz,2535 MHz,2250 MHz,16 GB,GDDR6,128 bit,288.0 GB/s,4352,136,48,,128 KB (per SM),32 MB,121.7 GPixel/s,344.8 GTexel/s,22.06 TFLOPS,22.06 TFLOPS,344.8 GFLOPS,Dual-slot,165 W,1x HDMI 2.1,1x 16-pin,12 Ultimate,4.6,3.0,1.3,6.8,,,499 USD,,240 mm,450 W,PG190 SKU 363,111 mm,40 mm,,,,Amazon,"July 18th, 2023",34,,,,,,34,8.9,,,,136
NVIDIA GeForce RTX 4070,NVIDIA+GeForce+RTX+4070,AD104,AD104-250-A1,Ada Lovelace,TSMC,5 nm,"35,800 million",121.8M / mm²,294 mm²,"Apr 12th, 2023",GeForce 40,GeForce 30,GeForce 50,Active,PCIe 4.0 x16,1920 MHz,2475 MHz,1313 MHz,12 GB,GDDR6X,192 bit,504.2 GB/s,5888,184,64,,128 KB (per SM),36 MB,158.4 GPixel/s,455.4 GTexel/s,29.15 TFLOPS,29.15 TFLOPS,455.4 GFLOPS,Dual-slot,200 W,1x HDMI 2.1,1x 16-pin,12 Ultimate,4.6,3.0,1.3,6.8,,,599 USD,53 in our database,240 mm,550 W,PG141 SKU 343,110 mm,40 mm,,,,Amazon,"Apr 13th, 2023",46,,,,,,46,8.9,,,,184
NVIDIA GeForce RTX 4080,NVIDIA+GeForce+RTX+4080,AD103,AD103-300-A1,Ada Lovelace,TSMC,5 nm,"45,900 million",121.1M / mm²,379 mm²,"Sep 20th, 2022",GeForce 40,GeForce 30,GeForce 50,Active,PCIe 4.0 x16,2205 MHz,2505 MHz,1400 MHz,16 GB,GDDR6X,256 bit,716.8 GB/s,9728,304,112,,128 KB (per SM),64 MB,280.6 GPixel/s,761.5 GTexel/s,48.74 TFLOPS,48.74 TFLOPS,761.5 GFLOPS,Triple-slot,320 W,1x HDMI 2.1,1x 16-pin,12 Ultimate,4.6,3.0,1.3,6.8,,,"1,199 USD",50 in our database,310 mm,700 W,PG139 SKU 360,140 mm,61 mm,,,,Amazon,"Nov 16th, 2022",76,,,,,,76,8.9,,,,304
NVIDIA GeForce RTX 4080 Ti,NVIDIA+GeForce+RTX+4080+Ti,AD102,AD102-225-A1,Ada Lovelace,TSMC,5 nm,"76,300 million",125.3M / mm²,609 mm²,Never Released,GeForce 40,GeForce 30,GeForce 50,unknown,PCIe 4.0 x16,2340 MHz,2610 MHz,1325 MHz,16 GB,GDDR6X,256 bit,678.4 GB/s,14080,440,144,,128 KB (per SM),80 MB,375.8 GPixel/s,"1,148.4 GTexel/s",73.50 TFLOPS,73.50 TFLOPS,"1,148.4 GFLOPS",Triple-slot,400 W,1x HDMI 2.1,1x 16-pin,12 Ultimate,4.6,3.0,1.3,6.8,,,,,336 mm,800 W,,140 mm,61 mm,,,,,,110,,,,,,110,8.9,,,,440
NVIDIA GeForce RTX 4090,NVIDIA+GeForce+RTX+4090,AD102,AD102-300-A1,Ada Lovelace,TSMC,5 nm,"76,300 million",125.3M / mm²,609 mm²,"Sep 20th, 2022",GeForce 40,GeForce 30,GeForce 50,Active,PCIe 4.0 x16,2235 MHz,2520 MHz,1313 MHz,24 GB,GDDR6X,384 bit,1.01 TB/s,16384,512,176,,128 KB (per SM),72 MB,443.5 GPixel/s,"1,290.2 GTexel/s",82.58 TFLOPS,82.58 TFLOPS,"1,290.2 GFLOPS",Triple-slot,450 W,1x HDMI 2.1,1x 16-pin,12 Ultimate,4.6,3.0,1.3,6.8,,,"1,599 USD",76 in our database,304 mm,850 W,PG139 SKU 330,137 mm,61 mm,,,,Amazon,"Oct 12th, 2022",128,,,,,,128,8.9,,,,512
NVIDIA TITAN RTX,NVIDIA+TITAN+RTX,TU102,TU102-400-A1,Turing,TSMC,12 nm,"18,600 million",24.7M / mm²,754 mm²,"Dec 18th, 2018",GeForce 20,GeForce 10,GeForce 30,Active,PCIe 3.0 x16,1350 MHz,1770 MHz,1750 MHz,24 GB,GDDR6,384 bit,672.0 GB/s,4608,288,96,,64 KB (per SM),6 MB,169.9 GPixel/s,509.8 GTexel/s,32.62 TFLOPS,16.31 TFLOPS,509.8 GFLOPS,Dual-slot,280 W,1x HDMI 2.0,2x 8-pin,12 Ultimate,4.6,3.0,1.3,6.8,,,"2,499 USD",6 in our database,267 mm,600 W,PG150 SKU 0,116 mm,35 mm,,,,,,72,,,,,,72,7.5,,,,576
NVIDIA TITAN V,NVIDIA+TITAN+V,GV100,GV100-400-A1,Volta,TSMC,12 nm,"21,100 million",25.9M / mm²,815 mm²,"Dec 7th, 2017",GeForce 10,GeForce 900,GeForce 20,End-of-life,PCIe 3.0 x16,1200 MHz,1455 MHz,848 MHz,12 GB,HBM2,3072 bit,651.3 GB/s,5120,320,96,,96 KB (per SM),4.5 MB,139.7 GPixel/s,465.6 GTexel/s,29.80 TFLOPS,14.90 TFLOPS,7.450 TFLOPS,Dual-slot,250 W,1x HDMI 2.0,1x 6-pin + 1x 8-pin,12,4.6,3.0,1.3,6.8,,,"2,999 USD",4 in our database,267 mm,600 W,PG500 SKU 0,112 mm,40 mm,,,,,,,,,,,,80,7.0,,,,640
NVIDIA TITAN Xp,NVIDIA+TITAN+Xp,GP102,GP102-450-A1,Pascal,TSMC,16 nm,"11,800 million",25.1M / mm²,471 mm²,"Apr 6th, 2017",GeForce 10,GeForce 900,GeForce 20,End-of-life,PCIe 3.0 x16,1405 MHz,1582 MHz,1426 MHz,12 GB,GDDR5X,384 bit,547.6 GB/s,3840,240,96,,48 KB (per SM),3 MB,151.9 GPixel/s,379.7 GTexel/s,189.8 GFLOPS,12.15 TFLOPS,379.7 GFLOPS,Dual-slot,250 W,1x HDMI 2.0,1x 6-pin + 1x 8-pin,12,4.6,3.0,1.3,6.8,BGA-2397,,"1,199 USD",9 in our database,267 mm,600 W,PG611 SKU 30,112 mm,40 mm,,,,,,,,,,,,30,6.1,,,,
